rng_seed,bootstrap_iter,code,classifier,clf,test_size,acc,f1,shuffled
383476564,0,id_target_gps,Logistic Regression,LR,0.1,0.8461538461538461,0.75,N
383476564,0,id_target_gps,Random Forest,RF,0.1,0.8461538461538461,0.6666666666666666,N
383476564,0,id_target_gps,Logistic Regression,LR,0.1,0.6538461538461539,0.0,Y
383476564,0,id_target_gps,Random Forest,RF,0.1,0.6538461538461539,0.0,Y
383476564,0,id_target_gps,Logistic Regression,LR,0.2,0.7843137254901961,0.56,N
383476564,0,id_target_gps,Random Forest,RF,0.2,0.7843137254901961,0.6666666666666666,N
383476564,0,id_target_gps,Logistic Regression,LR,0.2,0.6862745098039216,0.2727272727272727,Y
383476564,0,id_target_gps,Random Forest,RF,0.2,0.6862745098039216,0.1111111111111111,Y
383476564,0,id_target_gps,Logistic Regression,LR,0.3,0.8157894736842105,0.6111111111111112,N
383476564,0,id_target_gps,Random Forest,RF,0.3,0.8157894736842105,0.6666666666666666,N
383476564,0,id_target_gps,Logistic Regression,LR,0.3,0.75,0.24,Y
383476564,0,id_target_gps,Random Forest,RF,0.3,0.75,0.07142857142857142,Y
383476564,0,id_target_gps,Logistic Regression,LR,0.4,0.8514851485148515,0.6666666666666666,N
383476564,0,id_target_gps,Random Forest,RF,0.4,0.8514851485148515,0.782608695652174,N
383476564,0,id_target_gps,Logistic Regression,LR,0.4,0.7623762376237624,0.25,Y
383476564,0,id_target_gps,Random Forest,RF,0.4,0.7623762376237624,0.1111111111111111,Y
383476564,0,id_target_gps,Logistic Regression,LR,0.5,0.8174603174603174,0.6349206349206349,N
383476564,0,id_target_gps,Random Forest,RF,0.5,0.8174603174603174,0.7017543859649122,N
383476564,0,id_target_gps,Logistic Regression,LR,0.5,0.6666666666666666,0.19230769230769232,Y
383476564,0,id_target_gps,Random Forest,RF,0.5,0.6666666666666666,0.11538461538461539,Y
383476564,0,id_target_gps,Logistic Regression,LR,0.6,0.7947019867549668,0.5633802816901409,N
383476564,0,id_target_gps,Random Forest,RF,0.6,0.7947019867549668,0.5,N
383476564,0,id_target_gps,Logistic Regression,LR,0.6,0.6423841059602649,0.15625,Y
383476564,0,id_target_gps,Random Forest,RF,0.6,0.6423841059602649,0.07017543859649122,Y
383476564,0,id_target_gps,Logistic Regression,LR,0.7,0.75,0.5,N
383476564,0,id_target_gps,Random Forest,RF,0.7,0.75,0.631578947368421,N
383476564,0,id_target_gps,Logistic Regression,LR,0.7,0.7102272727272727,0.23880597014925373,Y
383476564,0,id_target_gps,Random Forest,RF,0.7,0.7102272727272727,0.09836065573770492,Y
383476564,0,id_target_gps,Logistic Regression,LR,0.8,0.8109452736318408,0.62,N
383476564,0,id_target_gps,Random Forest,RF,0.8,0.8109452736318408,0.6292134831460674,N
383476564,0,id_target_gps,Logistic Regression,LR,0.8,0.5671641791044776,0.10309278350515463,Y
383476564,0,id_target_gps,Random Forest,RF,0.8,0.5671641791044776,0.05970149253731343,Y
383476564,0,id_target_gps,Logistic Regression,LR,0.9,0.7699115044247787,0.5517241379310345,N
383476564,0,id_target_gps,Random Forest,RF,0.9,0.7699115044247787,0.3855421686746988,N
383476564,0,id_target_gps,Logistic Regression,LR,0.9,0.6946902654867256,0.1038961038961039,Y
383476564,0,id_target_gps,Random Forest,RF,0.9,0.6946902654867256,0.05970149253731343,Y
383849492,0,coercive_control,Logistic Regression,LR,0.1,0.8076923076923077,0.5454545454545454,N
383849492,0,coercive_control,Random Forest,RF,0.1,0.8076923076923077,0.6666666666666666,N
383849492,0,coercive_control,Logistic Regression,LR,0.1,0.7307692307692307,0.0,Y
383849492,0,coercive_control,Random Forest,RF,0.1,0.7307692307692307,0.0,Y
383849492,0,coercive_control,Logistic Regression,LR,0.2,0.7647058823529411,0.4,N
383849492,0,coercive_control,Random Forest,RF,0.2,0.7647058823529411,0.6923076923076923,N
383849492,0,coercive_control,Logistic Regression,LR,0.2,0.7647058823529411,0.4,Y
383849492,0,coercive_control,Random Forest,RF,0.2,0.7647058823529411,0.3,Y
383849492,0,coercive_control,Logistic Regression,LR,0.3,0.7763157894736842,0.6382978723404256,N
383849492,0,coercive_control,Random Forest,RF,0.3,0.7763157894736842,0.8205128205128205,N
383849492,0,coercive_control,Logistic Regression,LR,0.3,0.631578947368421,0.06666666666666667,Y
383849492,0,coercive_control,Random Forest,RF,0.3,0.631578947368421,0.0,Y
383849492,0,coercive_control,Logistic Regression,LR,0.4,0.7524752475247525,0.4897959183673469,N
383849492,0,coercive_control,Random Forest,RF,0.4,0.7524752475247525,0.4444444444444444,N
383849492,0,coercive_control,Logistic Regression,LR,0.4,0.6732673267326733,0.23255813953488372,Y
383849492,0,coercive_control,Random Forest,RF,0.4,0.6732673267326733,0.05714285714285714,Y
383849492,0,coercive_control,Logistic Regression,LR,0.5,0.8015873015873016,0.6153846153846154,N
383849492,0,coercive_control,Random Forest,RF,0.5,0.8015873015873016,0.711864406779661,N
383849492,0,coercive_control,Logistic Regression,LR,0.5,0.6666666666666666,0.045454545454545456,Y
383849492,0,coercive_control,Random Forest,RF,0.5,0.6666666666666666,0.2127659574468085,Y
383849492,0,coercive_control,Logistic Regression,LR,0.6,0.7350993377483444,0.5,N
383849492,0,coercive_control,Random Forest,RF,0.6,0.7350993377483444,0.691358024691358,N
383849492,0,coercive_control,Logistic Regression,LR,0.6,0.6556291390728477,0.1875,Y
383849492,0,coercive_control,Random Forest,RF,0.6,0.6556291390728477,0.1875,Y
383849492,0,coercive_control,Logistic Regression,LR,0.7,0.75,0.45,N
383849492,0,coercive_control,Random Forest,RF,0.7,0.75,0.6265060240963856,N
383849492,0,coercive_control,Logistic Regression,LR,0.7,0.5965909090909091,0.3106796116504854,Y
383849492,0,coercive_control,Random Forest,RF,0.7,0.5965909090909091,0.16470588235294117,Y
383849492,0,coercive_control,Logistic Regression,LR,0.8,0.8009950248756219,0.5833333333333334,N
383849492,0,coercive_control,Random Forest,RF,0.8,0.8009950248756219,0.42105263157894735,N
383849492,0,coercive_control,Logistic Regression,LR,0.8,0.6169154228855721,0.15384615384615385,Y
383849492,0,coercive_control,Random Forest,RF,0.8,0.6169154228855721,0.11428571428571428,Y
383849492,0,coercive_control,Logistic Regression,LR,0.9,0.7256637168141593,0.4745762711864407,N
383849492,0,coercive_control,Random Forest,RF,0.9,0.7256637168141593,0.45161290322580644,N
383849492,0,coercive_control,Logistic Regression,LR,0.9,0.5707964601769911,0.291970802919708,Y
383849492,0,coercive_control,Random Forest,RF,0.9,0.5707964601769911,0.05,Y
384129188,0,existential_threat,Logistic Regression,LR,0.1,0.6923076923076923,0.3333333333333333,N
384129188,0,existential_threat,Random Forest,RF,0.1,0.6923076923076923,0.8888888888888888,N
384129188,0,existential_threat,Logistic Regression,LR,0.1,0.8076923076923077,0.0,Y
384129188,0,existential_threat,Random Forest,RF,0.1,0.8076923076923077,0.0,Y
384129188,0,existential_threat,Logistic Regression,LR,0.2,0.8627450980392157,0.5882352941176471,N
384129188,0,existential_threat,Random Forest,RF,0.2,0.8627450980392157,0.8235294117647058,N
384129188,0,existential_threat,Logistic Regression,LR,0.2,0.8235294117647058,0.0,Y
384129188,0,existential_threat,Random Forest,RF,0.2,0.8235294117647058,0.0,Y
384129188,0,existential_threat,Logistic Regression,LR,0.3,0.8947368421052632,0.7142857142857143,N
384129188,0,existential_threat,Random Forest,RF,0.3,0.8947368421052632,0.8148148148148148,N
384129188,0,existential_threat,Logistic Regression,LR,0.3,0.7894736842105263,0.0,Y
384129188,0,existential_threat,Random Forest,RF,0.3,0.7894736842105263,0.0,Y
384129188,0,existential_threat,Logistic Regression,LR,0.4,0.8712871287128713,0.5806451612903226,N
384129188,0,existential_threat,Random Forest,RF,0.4,0.8712871287128713,0.6,N
384129188,0,existential_threat,Logistic Regression,LR,0.4,0.8118811881188119,0.0,Y
384129188,0,existential_threat,Random Forest,RF,0.4,0.8118811881188119,0.0,Y
384129188,0,existential_threat,Logistic Regression,LR,0.5,0.8412698412698413,0.5,N
384129188,0,existential_threat,Random Forest,RF,0.5,0.8412698412698413,0.4,N
384129188,0,existential_threat,Logistic Regression,LR,0.5,0.753968253968254,0.11428571428571428,Y
384129188,0,existential_threat,Random Forest,RF,0.5,0.753968253968254,0.0,Y
384129188,0,existential_threat,Logistic Regression,LR,0.6,0.8741721854304636,0.4864864864864865,N
384129188,0,existential_threat,Random Forest,RF,0.6,0.8741721854304636,0.45714285714285713,N
384129188,0,existential_threat,Logistic Regression,LR,0.6,0.8079470198675497,0.06451612903225806,Y
384129188,0,existential_threat,Random Forest,RF,0.6,0.8079470198675497,0.0,Y
384129188,0,existential_threat,Logistic Regression,LR,0.7,0.8465909090909091,0.4489795918367347,N
384129188,0,existential_threat,Random Forest,RF,0.7,0.8465909090909091,0.5833333333333334,N
384129188,0,existential_threat,Logistic Regression,LR,0.7,0.8238636363636364,0.06060606060606061,Y
384129188,0,existential_threat,Random Forest,RF,0.7,0.8238636363636364,0.0,Y
384129188,0,existential_threat,Logistic Regression,LR,0.8,0.8208955223880597,0.28,N
384129188,0,existential_threat,Random Forest,RF,0.8,0.8208955223880597,0.3333333333333333,N
384129188,0,existential_threat,Logistic Regression,LR,0.8,0.7910447761194029,0.0,Y
384129188,0,existential_threat,Random Forest,RF,0.8,0.7910447761194029,0.0,Y
384129188,0,existential_threat,Logistic Regression,LR,0.9,0.7964601769911505,0.41025641025641024,N
384129188,0,existential_threat,Random Forest,RF,0.9,0.7964601769911505,0.2978723404255319,N
384129188,0,existential_threat,Logistic Regression,LR,0.9,0.7300884955752213,0.14084507042253522,Y
384129188,0,existential_threat,Random Forest,RF,0.9,0.7300884955752213,0.046511627906976744,Y
768817768,1,id_target_gps,Logistic Regression,LR,0.1,0.9230769230769231,0.8333333333333334,N
768817768,1,id_target_gps,Random Forest,RF,0.1,0.9230769230769231,0.7692307692307693,N
768817768,1,id_target_gps,Logistic Regression,LR,0.1,0.6923076923076923,0.0,Y
768817768,1,id_target_gps,Random Forest,RF,0.1,0.6923076923076923,0.0,Y
768817768,1,id_target_gps,Logistic Regression,LR,0.2,0.7254901960784313,0.36363636363636365,N
768817768,1,id_target_gps,Random Forest,RF,0.2,0.7254901960784313,0.6086956521739131,N
768817768,1,id_target_gps,Logistic Regression,LR,0.2,0.6470588235294118,0.1,Y
768817768,1,id_target_gps,Random Forest,RF,0.2,0.6470588235294118,0.11764705882352941,Y
768817768,1,id_target_gps,Logistic Regression,LR,0.3,0.881578947368421,0.7428571428571429,N
768817768,1,id_target_gps,Random Forest,RF,0.3,0.881578947368421,0.7777777777777778,N
768817768,1,id_target_gps,Logistic Regression,LR,0.3,0.6447368421052632,0.06896551724137931,Y
768817768,1,id_target_gps,Random Forest,RF,0.3,0.6447368421052632,0.07407407407407407,Y
768817768,1,id_target_gps,Logistic Regression,LR,0.4,0.8118811881188119,0.5777777777777777,N
768817768,1,id_target_gps,Random Forest,RF,0.4,0.8118811881188119,0.55,N
768817768,1,id_target_gps,Logistic Regression,LR,0.4,0.7128712871287128,0.12121212121212122,Y
768817768,1,id_target_gps,Random Forest,RF,0.4,0.7128712871287128,0.12121212121212122,Y
768817768,1,id_target_gps,Logistic Regression,LR,0.5,0.8095238095238095,0.6129032258064516,N
768817768,1,id_target_gps,Random Forest,RF,0.5,0.8095238095238095,0.7017543859649122,N
768817768,1,id_target_gps,Logistic Regression,LR,0.5,0.6904761904761905,0.04878048780487805,Y
768817768,1,id_target_gps,Random Forest,RF,0.5,0.6904761904761905,0.18604651162790697,Y
768817768,1,id_target_gps,Logistic Regression,LR,0.6,0.7947019867549668,0.6352941176470588,N
768817768,1,id_target_gps,Random Forest,RF,0.6,0.7947019867549668,0.6388888888888888,N
768817768,1,id_target_gps,Logistic Regression,LR,0.6,0.6556291390728477,0.10344827586206896,Y
768817768,1,id_target_gps,Random Forest,RF,0.6,0.6556291390728477,0.15873015873015872,Y
768817768,1,id_target_gps,Logistic Regression,LR,0.7,0.8465909090909091,0.6746987951807228,N
768817768,1,id_target_gps,Random Forest,RF,0.7,0.8465909090909091,0.5074626865671642,N
768817768,1,id_target_gps,Logistic Regression,LR,0.7,0.6931818181818182,0.15625,Y
768817768,1,id_target_gps,Random Forest,RF,0.7,0.6931818181818182,0.0,Y
768817768,1,id_target_gps,Logistic Regression,LR,0.8,0.7611940298507462,0.5555555555555556,N
768817768,1,id_target_gps,Random Forest,RF,0.8,0.7611940298507462,0.5909090909090909,N
768817768,1,id_target_gps,Logistic Regression,LR,0.8,0.7064676616915423,0.1917808219178082,Y
768817768,1,id_target_gps,Random Forest,RF,0.8,0.7064676616915423,0.11764705882352941,Y
768817768,1,id_target_gps,Logistic Regression,LR,0.9,0.7787610619469026,0.5370370370370371,N
768817768,1,id_target_gps,Random Forest,RF,0.9,0.7787610619469026,0.5192307692307693,N
768817768,1,id_target_gps,Logistic Regression,LR,0.9,0.6150442477876106,0.21621621621621623,Y
768817768,1,id_target_gps,Random Forest,RF,0.9,0.6150442477876106,0.16091954022988506,Y
769377160,1,coercive_control,Logistic Regression,LR,0.1,0.8846153846153846,0.7692307692307693,N
769377160,1,coercive_control,Random Forest,RF,0.1,0.8846153846153846,0.7692307692307693,N
769377160,1,coercive_control,Logistic Regression,LR,0.1,0.6923076923076923,0.0,Y
769377160,1,coercive_control,Random Forest,RF,0.1,0.6923076923076923,0.2,Y
769377160,1,coercive_control,Logistic Regression,LR,0.2,0.8235294117647058,0.6666666666666666,N
769377160,1,coercive_control,Random Forest,RF,0.2,0.8235294117647058,0.896551724137931,N
769377160,1,coercive_control,Logistic Regression,LR,0.2,0.6862745098039216,0.2,Y
769377160,1,coercive_control,Random Forest,RF,0.2,0.6862745098039216,0.32,Y
769377160,1,coercive_control,Logistic Regression,LR,0.3,0.8026315789473685,0.6153846153846154,N
769377160,1,coercive_control,Random Forest,RF,0.3,0.8026315789473685,0.8108108108108109,N
769377160,1,coercive_control,Logistic Regression,LR,0.3,0.6447368421052632,0.22857142857142856,Y
769377160,1,coercive_control,Random Forest,RF,0.3,0.6447368421052632,0.12121212121212122,Y
769377160,1,coercive_control,Logistic Regression,LR,0.4,0.8811881188118812,0.76,N
769377160,1,coercive_control,Random Forest,RF,0.4,0.8811881188118812,0.8,N
769377160,1,coercive_control,Logistic Regression,LR,0.4,0.6732673267326733,0.32653061224489793,Y
769377160,1,coercive_control,Random Forest,RF,0.4,0.6732673267326733,0.14634146341463414,Y
769377160,1,coercive_control,Logistic Regression,LR,0.5,0.7619047619047619,0.5454545454545454,N
769377160,1,coercive_control,Random Forest,RF,0.5,0.7619047619047619,0.7333333333333333,N
769377160,1,coercive_control,Logistic Regression,LR,0.5,0.6666666666666666,0.045454545454545456,Y
769377160,1,coercive_control,Random Forest,RF,0.5,0.6666666666666666,0.19230769230769232,Y
769377160,1,coercive_control,Logistic Regression,LR,0.6,0.7549668874172185,0.5647058823529412,N
769377160,1,coercive_control,Random Forest,RF,0.6,0.7549668874172185,0.7733333333333333,N
769377160,1,coercive_control,Logistic Regression,LR,0.6,0.6291390728476821,0.3,Y
769377160,1,coercive_control,Random Forest,RF,0.6,0.6291390728476821,0.24242424242424243,Y
769377160,1,coercive_control,Logistic Regression,LR,0.7,0.7727272727272727,0.5348837209302325,N
769377160,1,coercive_control,Random Forest,RF,0.7,0.7727272727272727,0.49411764705882355,N
769377160,1,coercive_control,Logistic Regression,LR,0.7,0.6704545454545454,0.14705882352941177,Y
769377160,1,coercive_control,Random Forest,RF,0.7,0.6704545454545454,0.06666666666666667,Y
769377160,1,coercive_control,Logistic Regression,LR,0.8,0.8059701492537313,0.6285714285714286,N
769377160,1,coercive_control,Random Forest,RF,0.8,0.8059701492537313,0.5287356321839081,N
769377160,1,coercive_control,Logistic Regression,LR,0.8,0.6318407960199005,0.3148148148148148,Y
769377160,1,coercive_control,Random Forest,RF,0.8,0.6318407960199005,0.08571428571428572,Y
769377160,1,coercive_control,Logistic Regression,LR,0.9,0.7699115044247787,0.6388888888888888,N
769377160,1,coercive_control,Random Forest,RF,0.9,0.7699115044247787,0.6218487394957983,N
769377160,1,coercive_control,Logistic Regression,LR,0.9,0.5176991150442478,0.22695035460992907,Y
769377160,1,coercive_control,Random Forest,RF,0.9,0.5176991150442478,0.09523809523809523,Y
769936552,1,existential_threat,Logistic Regression,LR,0.1,0.8461538461538461,0.5,N
769936552,1,existential_threat,Random Forest,RF,0.1,0.8461538461538461,0.75,N
769936552,1,existential_threat,Logistic Regression,LR,0.1,0.8076923076923077,0.2857142857142857,Y
769936552,1,existential_threat,Random Forest,RF,0.1,0.8076923076923077,0.0,Y
769936552,1,existential_threat,Logistic Regression,LR,0.2,0.8431372549019608,0.5,N
769936552,1,existential_threat,Random Forest,RF,0.2,0.8431372549019608,0.75,N
769936552,1,existential_threat,Logistic Regression,LR,0.2,0.7843137254901961,0.0,Y
769936552,1,existential_threat,Random Forest,RF,0.2,0.7843137254901961,0.0,Y
769936552,1,existential_threat,Logistic Regression,LR,0.3,0.8157894736842105,0.4166666666666667,N
769936552,1,existential_threat,Random Forest,RF,0.3,0.8157894736842105,0.6086956521739131,N
769936552,1,existential_threat,Logistic Regression,LR,0.3,0.7631578947368421,0.1,Y
769936552,1,existential_threat,Random Forest,RF,0.3,0.7631578947368421,0.1111111111111111,Y
769936552,1,existential_threat,Logistic Regression,LR,0.4,0.8712871287128713,0.5517241379310345,N
769936552,1,existential_threat,Random Forest,RF,0.4,0.8712871287128713,0.8125,N
769936552,1,existential_threat,Logistic Regression,LR,0.4,0.7821782178217822,0.08333333333333333,Y
769936552,1,existential_threat,Random Forest,RF,0.4,0.7821782178217822,0.0,Y
769936552,1,existential_threat,Logistic Regression,LR,0.5,0.8650793650793651,0.5405405405405406,N
769936552,1,existential_threat,Random Forest,RF,0.5,0.8650793650793651,0.6486486486486487,N
769936552,1,existential_threat,Logistic Regression,LR,0.5,0.8095238095238095,0.07692307692307693,Y
769936552,1,existential_threat,Random Forest,RF,0.5,0.8095238095238095,0.16,Y
769936552,1,existential_threat,Logistic Regression,LR,0.6,0.8211920529801324,0.4,N
769936552,1,existential_threat,Random Forest,RF,0.6,0.8211920529801324,0.43243243243243246,N
769936552,1,existential_threat,Logistic Regression,LR,0.6,0.7947019867549668,0.11428571428571428,Y
769936552,1,existential_threat,Random Forest,RF,0.6,0.7947019867549668,0.11764705882352941,Y
769936552,1,existential_threat,Logistic Regression,LR,0.7,0.8295454545454546,0.34782608695652173,N
769936552,1,existential_threat,Random Forest,RF,0.7,0.8295454545454546,0.5,N
769936552,1,existential_threat,Logistic Regression,LR,0.7,0.8068181818181818,0.0,Y
769936552,1,existential_threat,Random Forest,RF,0.7,0.8068181818181818,0.05555555555555555,Y
769936552,1,existential_threat,Logistic Regression,LR,0.8,0.8308457711442786,0.46875,N
769936552,1,existential_threat,Random Forest,RF,0.8,0.8308457711442786,0.4,N
769936552,1,existential_threat,Logistic Regression,LR,0.8,0.7412935323383084,0.10344827586206896,Y
769936552,1,existential_threat,Random Forest,RF,0.8,0.7412935323383084,0.047619047619047616,Y
769936552,1,existential_threat,Logistic Regression,LR,0.9,0.831858407079646,0.3870967741935484,N
769936552,1,existential_threat,Random Forest,RF,0.9,0.831858407079646,0.24489795918367346,N
769936552,1,existential_threat,Logistic Regression,LR,0.9,0.7920353982300885,0.0784313725490196,Y
769936552,1,existential_threat,Random Forest,RF,0.9,0.7920353982300885,0.0,Y
1155743916,2,id_target_gps,Logistic Regression,LR,0.1,0.7692307692307693,0.4,N
1155743916,2,id_target_gps,Random Forest,RF,0.1,0.7692307692307693,0.7272727272727273,N
1155743916,2,id_target_gps,Logistic Regression,LR,0.1,0.7692307692307693,0.25,Y
1155743916,2,id_target_gps,Random Forest,RF,0.1,0.7692307692307693,0.0,Y
1155743916,2,id_target_gps,Logistic Regression,LR,0.2,0.8431372549019608,0.6666666666666666,N
1155743916,2,id_target_gps,Random Forest,RF,0.2,0.8431372549019608,0.6666666666666666,N
1155743916,2,id_target_gps,Logistic Regression,LR,0.2,0.7254901960784313,0.0,Y
1155743916,2,id_target_gps,Random Forest,RF,0.2,0.7254901960784313,0.0,Y
1155743916,2,id_target_gps,Logistic Regression,LR,0.3,0.7763157894736842,0.5405405405405406,N
1155743916,2,id_target_gps,Random Forest,RF,0.3,0.7763157894736842,0.5333333333333333,N
1155743916,2,id_target_gps,Logistic Regression,LR,0.3,0.7368421052631579,0.375,Y
1155743916,2,id_target_gps,Random Forest,RF,0.3,0.7368421052631579,0.08,Y
1155743916,2,id_target_gps,Logistic Regression,LR,0.4,0.7722772277227723,0.5818181818181818,N
1155743916,2,id_target_gps,Random Forest,RF,0.4,0.7722772277227723,0.6530612244897959,N
1155743916,2,id_target_gps,Logistic Regression,LR,0.4,0.6732673267326733,0.23255813953488372,Y
1155743916,2,id_target_gps,Random Forest,RF,0.4,0.6732673267326733,0.10256410256410256,Y
1155743916,2,id_target_gps,Logistic Regression,LR,0.5,0.8015873015873016,0.5454545454545454,N
1155743916,2,id_target_gps,Random Forest,RF,0.5,0.8015873015873016,0.7037037037037037,N
1155743916,2,id_target_gps,Logistic Regression,LR,0.5,0.6666666666666666,0.19230769230769232,Y
1155743916,2,id_target_gps,Random Forest,RF,0.5,0.6666666666666666,0.23529411764705882,Y
1155743916,2,id_target_gps,Logistic Regression,LR,0.6,0.8145695364238411,0.6410256410256411,N
1155743916,2,id_target_gps,Random Forest,RF,0.6,0.8145695364238411,0.7368421052631579,N
1155743916,2,id_target_gps,Logistic Regression,LR,0.6,0.6423841059602649,0.20588235294117646,Y
1155743916,2,id_target_gps,Random Forest,RF,0.6,0.6423841059602649,0.21428571428571427,Y
1155743916,2,id_target_gps,Logistic Regression,LR,0.7,0.8295454545454546,0.6428571428571429,N
1155743916,2,id_target_gps,Random Forest,RF,0.7,0.8295454545454546,0.6575342465753424,N
1155743916,2,id_target_gps,Logistic Regression,LR,0.7,0.6420454545454546,0.2222222222222222,Y
1155743916,2,id_target_gps,Random Forest,RF,0.7,0.6420454545454546,0.11940298507462686,Y
1155743916,2,id_target_gps,Logistic Regression,LR,0.8,0.746268656716418,0.592,N
1155743916,2,id_target_gps,Random Forest,RF,0.8,0.746268656716418,0.6534653465346535,N
1155743916,2,id_target_gps,Logistic Regression,LR,0.8,0.6268656716417911,0.21052631578947367,Y
1155743916,2,id_target_gps,Random Forest,RF,0.8,0.6268656716417911,0.11428571428571428,Y
1155743916,2,id_target_gps,Logistic Regression,LR,0.9,0.7345132743362832,0.6,N
1155743916,2,id_target_gps,Random Forest,RF,0.9,0.7345132743362832,0.4186046511627907,N
1155743916,2,id_target_gps,Logistic Regression,LR,0.9,0.5707964601769911,0.32167832167832167,Y
1155743916,2,id_target_gps,Random Forest,RF,0.9,0.5707964601769911,0.20224719101123595,Y
1156583004,2,coercive_control,Logistic Regression,LR,0.1,0.8846153846153846,0.7692307692307693,N
1156583004,2,coercive_control,Random Forest,RF,0.1,0.8846153846153846,0.9333333333333333,N
1156583004,2,coercive_control,Logistic Regression,LR,0.1,0.7307692307692307,0.0,Y
1156583004,2,coercive_control,Random Forest,RF,0.1,0.7307692307692307,0.0,Y
1156583004,2,coercive_control,Logistic Regression,LR,0.2,0.803921568627451,0.6666666666666666,N
1156583004,2,coercive_control,Random Forest,RF,0.2,0.803921568627451,0.7407407407407407,N
1156583004,2,coercive_control,Logistic Regression,LR,0.2,0.6666666666666666,0.0,Y
1156583004,2,coercive_control,Random Forest,RF,0.2,0.6666666666666666,0.19047619047619047,Y
1156583004,2,coercive_control,Logistic Regression,LR,0.3,0.8157894736842105,0.6666666666666666,N
1156583004,2,coercive_control,Random Forest,RF,0.3,0.8157894736842105,0.8717948717948718,N
1156583004,2,coercive_control,Logistic Regression,LR,0.3,0.7105263157894737,0.0,Y
1156583004,2,coercive_control,Random Forest,RF,0.3,0.7105263157894737,0.08333333333333333,Y
1156583004,2,coercive_control,Logistic Regression,LR,0.4,0.7920792079207921,0.5714285714285714,N
1156583004,2,coercive_control,Random Forest,RF,0.4,0.7920792079207921,0.625,N
1156583004,2,coercive_control,Logistic Regression,LR,0.4,0.6831683168316832,0.1111111111111111,Y
1156583004,2,coercive_control,Random Forest,RF,0.4,0.6831683168316832,0.1111111111111111,Y
1156583004,2,coercive_control,Logistic Regression,LR,0.5,0.746031746031746,0.5,N
1156583004,2,coercive_control,Random Forest,RF,0.5,0.746031746031746,0.65625,N
1156583004,2,coercive_control,Logistic Regression,LR,0.5,0.5396825396825397,0.09375,Y
1156583004,2,coercive_control,Random Forest,RF,0.5,0.5396825396825397,0.18181818181818182,Y
1156583004,2,coercive_control,Logistic Regression,LR,0.6,0.7880794701986755,0.5428571428571428,N
1156583004,2,coercive_control,Random Forest,RF,0.6,0.7880794701986755,0.7027027027027027,N
1156583004,2,coercive_control,Logistic Regression,LR,0.6,0.6556291390728477,0.21212121212121213,Y
1156583004,2,coercive_control,Random Forest,RF,0.6,0.6556291390728477,0.14035087719298245,Y
1156583004,2,coercive_control,Logistic Regression,LR,0.7,0.7954545454545454,0.5714285714285714,N
1156583004,2,coercive_control,Random Forest,RF,0.7,0.7954545454545454,0.6904761904761905,N
1156583004,2,coercive_control,Logistic Regression,LR,0.7,0.5852272727272727,0.26262626262626265,Y
1156583004,2,coercive_control,Random Forest,RF,0.7,0.5852272727272727,0.1686746987951807,Y
1156583004,2,coercive_control,Logistic Regression,LR,0.8,0.7711442786069652,0.6166666666666667,N
1156583004,2,coercive_control,Random Forest,RF,0.8,0.7711442786069652,0.6666666666666666,N
1156583004,2,coercive_control,Logistic Regression,LR,0.8,0.6368159203980099,0.16091954022988506,Y
1156583004,2,coercive_control,Random Forest,RF,0.8,0.6368159203980099,0.09302325581395349,Y
1156583004,2,coercive_control,Logistic Regression,LR,0.9,0.831858407079646,0.6346153846153846,N
1156583004,2,coercive_control,Random Forest,RF,0.9,0.831858407079646,0.5416666666666666,N
1156583004,2,coercive_control,Logistic Regression,LR,0.9,0.6592920353982301,0.2803738317757009,Y
1156583004,2,coercive_control,Random Forest,RF,0.9,0.6592920353982301,0.09090909090909091,Y
1157422092,2,existential_threat,Logistic Regression,LR,0.1,0.8846153846153846,0.6666666666666666,N
1157422092,2,existential_threat,Random Forest,RF,0.1,0.8846153846153846,0.75,N
1157422092,2,existential_threat,Logistic Regression,LR,0.1,0.8076923076923077,0.0,Y
1157422092,2,existential_threat,Random Forest,RF,0.1,0.8076923076923077,0.0,Y
1157422092,2,existential_threat,Logistic Regression,LR,0.2,0.8235294117647058,0.4,N
1157422092,2,existential_threat,Random Forest,RF,0.2,0.8235294117647058,0.5714285714285714,N
1157422092,2,existential_threat,Logistic Regression,LR,0.2,0.7647058823529411,0.0,Y
1157422092,2,existential_threat,Random Forest,RF,0.2,0.7647058823529411,0.0,Y
1157422092,2,existential_threat,Logistic Regression,LR,0.3,0.7894736842105263,0.38461538461538464,N
1157422092,2,existential_threat,Random Forest,RF,0.3,0.7894736842105263,0.6363636363636364,N
1157422092,2,existential_threat,Logistic Regression,LR,0.3,0.8157894736842105,0.0,Y
1157422092,2,existential_threat,Random Forest,RF,0.3,0.8157894736842105,0.0,Y
1157422092,2,existential_threat,Logistic Regression,LR,0.4,0.900990099009901,0.6666666666666666,N
1157422092,2,existential_threat,Random Forest,RF,0.4,0.900990099009901,0.5925925925925926,N
1157422092,2,existential_threat,Logistic Regression,LR,0.4,0.7920792079207921,0.16,Y
1157422092,2,existential_threat,Random Forest,RF,0.4,0.7920792079207921,0.0,Y
1157422092,2,existential_threat,Logistic Regression,LR,0.5,0.8492063492063492,0.4864864864864865,N
1157422092,2,existential_threat,Random Forest,RF,0.5,0.8492063492063492,0.5454545454545454,N
1157422092,2,existential_threat,Logistic Regression,LR,0.5,0.8015873015873016,0.13793103448275862,Y
1157422092,2,existential_threat,Random Forest,RF,0.5,0.8015873015873016,0.0625,Y
1157422092,2,existential_threat,Logistic Regression,LR,0.6,0.8410596026490066,0.4782608695652174,N
1157422092,2,existential_threat,Random Forest,RF,0.6,0.8410596026490066,0.4897959183673469,N
1157422092,2,existential_threat,Logistic Regression,LR,0.6,0.8013245033112583,0.0625,Y
1157422092,2,existential_threat,Random Forest,RF,0.6,0.8013245033112583,0.1111111111111111,Y
1157422092,2,existential_threat,Logistic Regression,LR,0.7,0.7784090909090909,0.36065573770491804,N
1157422092,2,existential_threat,Random Forest,RF,0.7,0.7784090909090909,0.38095238095238093,N
1157422092,2,existential_threat,Logistic Regression,LR,0.7,0.7727272727272727,0.09090909090909091,Y
1157422092,2,existential_threat,Random Forest,RF,0.7,0.7727272727272727,0.05263157894736842,Y
1157422092,2,existential_threat,Logistic Regression,LR,0.8,0.8208955223880597,0.4,N
1157422092,2,existential_threat,Random Forest,RF,0.8,0.8208955223880597,0.37209302325581395,N
1157422092,2,existential_threat,Logistic Regression,LR,0.8,0.7711442786069652,0.14814814814814814,Y
1157422092,2,existential_threat,Random Forest,RF,0.8,0.7711442786069652,0.0,Y
1157422092,2,existential_threat,Logistic Regression,LR,0.9,0.8185840707964602,0.19607843137254902,N
1157422092,2,existential_threat,Random Forest,RF,0.9,0.8185840707964602,0.20833333333333334,N
1157422092,2,existential_threat,Logistic Regression,LR,0.9,0.7920353982300885,0.0784313725490196,Y
1157422092,2,existential_threat,Random Forest,RF,0.9,0.7920353982300885,0.0,Y
1544348240,3,id_target_gps,Logistic Regression,LR,0.1,0.8461538461538461,0.6666666666666666,N
1544348240,3,id_target_gps,Random Forest,RF,0.1,0.8461538461538461,0.7692307692307693,N
1544348240,3,id_target_gps,Logistic Regression,LR,0.1,0.6923076923076923,0.0,Y
1544348240,3,id_target_gps,Random Forest,RF,0.1,0.6923076923076923,0.25,Y
1544348240,3,id_target_gps,Logistic Regression,LR,0.2,0.7843137254901961,0.47619047619047616,N
1544348240,3,id_target_gps,Random Forest,RF,0.2,0.7843137254901961,0.6956521739130435,N
1544348240,3,id_target_gps,Logistic Regression,LR,0.2,0.6862745098039216,0.2,Y
1544348240,3,id_target_gps,Random Forest,RF,0.2,0.6862745098039216,0.11764705882352941,Y
1544348240,3,id_target_gps,Logistic Regression,LR,0.3,0.7894736842105263,0.5555555555555556,N
1544348240,3,id_target_gps,Random Forest,RF,0.3,0.7894736842105263,0.8205128205128205,N
1544348240,3,id_target_gps,Logistic Regression,LR,0.3,0.6842105263157895,0.07692307692307693,Y
1544348240,3,id_target_gps,Random Forest,RF,0.3,0.6842105263157895,0.1935483870967742,Y
1544348240,3,id_target_gps,Logistic Regression,LR,0.4,0.801980198019802,0.5833333333333334,N
1544348240,3,id_target_gps,Random Forest,RF,0.4,0.801980198019802,0.6818181818181818,N
1544348240,3,id_target_gps,Logistic Regression,LR,0.4,0.6732673267326733,0.0,Y
1544348240,3,id_target_gps,Random Forest,RF,0.4,0.6732673267326733,0.10810810810810811,Y
1544348240,3,id_target_gps,Logistic Regression,LR,0.5,0.8015873015873016,0.576271186440678,N
1544348240,3,id_target_gps,Random Forest,RF,0.5,0.8015873015873016,0.6557377049180327,N
1544348240,3,id_target_gps,Logistic Regression,LR,0.5,0.6587301587301587,0.044444444444444446,Y
1544348240,3,id_target_gps,Random Forest,RF,0.5,0.6587301587301587,0.09302325581395349,Y
1544348240,3,id_target_gps,Logistic Regression,LR,0.6,0.8278145695364238,0.675,N
1544348240,3,id_target_gps,Random Forest,RF,0.6,0.8278145695364238,0.676923076923077,N
1544348240,3,id_target_gps,Logistic Regression,LR,0.6,0.6688741721854304,0.13793103448275862,Y
1544348240,3,id_target_gps,Random Forest,RF,0.6,0.6688741721854304,0.07017543859649122,Y
1544348240,3,id_target_gps,Logistic Regression,LR,0.7,0.8181818181818182,0.6,N
1544348240,3,id_target_gps,Random Forest,RF,0.7,0.8181818181818182,0.6923076923076923,N
1544348240,3,id_target_gps,Logistic Regression,LR,0.7,0.6704545454545454,0.17142857142857143,Y
1544348240,3,id_target_gps,Random Forest,RF,0.7,0.6704545454545454,0.07017543859649122,Y
1544348240,3,id_target_gps,Logistic Regression,LR,0.8,0.7810945273631841,0.56,N
1544348240,3,id_target_gps,Random Forest,RF,0.8,0.7810945273631841,0.6097560975609756,N
1544348240,3,id_target_gps,Logistic Regression,LR,0.8,0.6517412935323383,0.18604651162790697,Y
1544348240,3,id_target_gps,Random Forest,RF,0.8,0.6517412935323383,0.17142857142857143,Y
1544348240,3,id_target_gps,Logistic Regression,LR,0.9,0.7876106194690266,0.5932203389830508,N
1544348240,3,id_target_gps,Random Forest,RF,0.9,0.7876106194690266,0.45,N
1544348240,3,id_target_gps,Logistic Regression,LR,0.9,0.6504424778761062,0.23300970873786409,Y
1544348240,3,id_target_gps,Random Forest,RF,0.9,0.6504424778761062,0.0821917808219178,Y
1545839952,3,coercive_control,Logistic Regression,LR,0.1,0.9230769230769231,0.875,N
1545839952,3,coercive_control,Random Forest,RF,0.1,0.9230769230769231,1.0,N
1545839952,3,coercive_control,Logistic Regression,LR,0.1,0.6923076923076923,0.0,Y
1545839952,3,coercive_control,Random Forest,RF,0.1,0.6923076923076923,0.2222222222222222,Y
1545839952,3,coercive_control,Logistic Regression,LR,0.2,0.8235294117647058,0.5714285714285714,N
1545839952,3,coercive_control,Random Forest,RF,0.2,0.8235294117647058,0.8888888888888888,N
1545839952,3,coercive_control,Logistic Regression,LR,0.2,0.6862745098039216,0.1111111111111111,Y
1545839952,3,coercive_control,Random Forest,RF,0.2,0.6862745098039216,0.09090909090909091,Y
1545839952,3,coercive_control,Logistic Regression,LR,0.3,0.8289473684210527,0.6285714285714286,N
1545839952,3,coercive_control,Random Forest,RF,0.3,0.8289473684210527,0.8421052631578947,N
1545839952,3,coercive_control,Logistic Regression,LR,0.3,0.6447368421052632,0.12903225806451613,Y
1545839952,3,coercive_control,Random Forest,RF,0.3,0.6447368421052632,0.21428571428571427,Y
1545839952,3,coercive_control,Logistic Regression,LR,0.4,0.7524752475247525,0.5614035087719298,N
1545839952,3,coercive_control,Random Forest,RF,0.4,0.7524752475247525,0.6222222222222222,N
1545839952,3,coercive_control,Logistic Regression,LR,0.4,0.6435643564356436,0.21739130434782608,Y
1545839952,3,coercive_control,Random Forest,RF,0.4,0.6435643564356436,0.16216216216216217,Y
1545839952,3,coercive_control,Logistic Regression,LR,0.5,0.7857142857142857,0.5263157894736842,N
1545839952,3,coercive_control,Random Forest,RF,0.5,0.7857142857142857,0.6666666666666666,N
1545839952,3,coercive_control,Logistic Regression,LR,0.5,0.7063492063492064,0.0975609756097561,Y
1545839952,3,coercive_control,Random Forest,RF,0.5,0.7063492063492064,0.27450980392156865,Y
1545839952,3,coercive_control,Logistic Regression,LR,0.6,0.7748344370860927,0.5853658536585366,N
1545839952,3,coercive_control,Random Forest,RF,0.6,0.7748344370860927,0.7341772151898734,N
1545839952,3,coercive_control,Logistic Regression,LR,0.6,0.6688741721854304,0.24242424242424243,Y
1545839952,3,coercive_control,Random Forest,RF,0.6,0.6688741721854304,0.14035087719298245,Y
1545839952,3,coercive_control,Logistic Regression,LR,0.7,0.75,0.5416666666666666,N
1545839952,3,coercive_control,Random Forest,RF,0.7,0.75,0.6136363636363636,N
1545839952,3,coercive_control,Logistic Regression,LR,0.7,0.6477272727272727,0.225,Y
1545839952,3,coercive_control,Random Forest,RF,0.7,0.6477272727272727,0.12903225806451613,Y
1545839952,3,coercive_control,Logistic Regression,LR,0.8,0.8159203980099502,0.6336633663366337,N
1545839952,3,coercive_control,Random Forest,RF,0.8,0.8159203980099502,0.5434782608695652,N
1545839952,3,coercive_control,Logistic Regression,LR,0.8,0.572139303482587,0.24561403508771928,Y
1545839952,3,coercive_control,Random Forest,RF,0.8,0.572139303482587,0.20202020202020202,Y
1545839952,3,coercive_control,Logistic Regression,LR,0.9,0.7787610619469026,0.6268656716417911,N
1545839952,3,coercive_control,Random Forest,RF,0.9,0.7787610619469026,0.6078431372549019,N
1545839952,3,coercive_control,Logistic Regression,LR,0.9,0.6283185840707964,0.16,Y
1545839952,3,coercive_control,Random Forest,RF,0.9,0.6283185840707964,0.0547945205479452,Y
1546958736,3,existential_threat,Logistic Regression,LR,0.1,0.8076923076923077,0.4444444444444444,N
1546958736,3,existential_threat,Random Forest,RF,0.1,0.8076923076923077,0.6,N
1546958736,3,existential_threat,Logistic Regression,LR,0.1,0.7692307692307693,0.0,Y
1546958736,3,existential_threat,Random Forest,RF,0.1,0.7692307692307693,0.0,Y
1546958736,3,existential_threat,Logistic Regression,LR,0.2,0.803921568627451,0.2857142857142857,N
1546958736,3,existential_threat,Random Forest,RF,0.2,0.803921568627451,0.5714285714285714,N
1546958736,3,existential_threat,Logistic Regression,LR,0.2,0.8235294117647058,0.0,Y
1546958736,3,existential_threat,Random Forest,RF,0.2,0.8235294117647058,0.0,Y
1546958736,3,existential_threat,Logistic Regression,LR,0.3,0.9078947368421053,0.6666666666666666,N
1546958736,3,existential_threat,Random Forest,RF,0.3,0.9078947368421053,0.7272727272727273,N
1546958736,3,existential_threat,Logistic Regression,LR,0.3,0.8157894736842105,0.0,Y
1546958736,3,existential_threat,Random Forest,RF,0.3,0.8157894736842105,0.0,Y
1546958736,3,existential_threat,Logistic Regression,LR,0.4,0.8613861386138614,0.5333333333333333,N
1546958736,3,existential_threat,Random Forest,RF,0.4,0.8613861386138614,0.5714285714285714,N
1546958736,3,existential_threat,Logistic Regression,LR,0.4,0.8217821782178217,0.0,Y
1546958736,3,existential_threat,Random Forest,RF,0.4,0.8217821782178217,0.0,Y
1546958736,3,existential_threat,Logistic Regression,LR,0.5,0.8253968253968254,0.3125,N
1546958736,3,existential_threat,Random Forest,RF,0.5,0.8253968253968254,0.5161290322580645,N
1546958736,3,existential_threat,Logistic Regression,LR,0.5,0.8174603174603174,0.0,Y
1546958736,3,existential_threat,Random Forest,RF,0.5,0.8174603174603174,0.0,Y
1546958736,3,existential_threat,Logistic Regression,LR,0.6,0.8675496688741722,0.5652173913043478,N
1546958736,3,existential_threat,Random Forest,RF,0.6,0.8675496688741722,0.5263157894736842,N
1546958736,3,existential_threat,Logistic Regression,LR,0.6,0.7682119205298014,0.05405405405405406,Y
1546958736,3,existential_threat,Random Forest,RF,0.6,0.7682119205298014,0.0,Y
1546958736,3,existential_threat,Logistic Regression,LR,0.7,0.8238636363636364,0.43636363636363634,N
1546958736,3,existential_threat,Random Forest,RF,0.7,0.8238636363636364,0.5,N
1546958736,3,existential_threat,Logistic Regression,LR,0.7,0.7556818181818182,0.044444444444444446,Y
1546958736,3,existential_threat,Random Forest,RF,0.7,0.7556818181818182,0.05263157894736842,Y
1546958736,3,existential_threat,Logistic Regression,LR,0.8,0.8805970149253731,0.5384615384615384,N
1546958736,3,existential_threat,Random Forest,RF,0.8,0.8805970149253731,0.4,N
1546958736,3,existential_threat,Logistic Regression,LR,0.8,0.7611940298507462,0.0,Y
1546958736,3,existential_threat,Random Forest,RF,0.8,0.7611940298507462,0.0,Y
1546958736,3,existential_threat,Logistic Regression,LR,0.9,0.8495575221238938,0.41379310344827586,N
1546958736,3,existential_threat,Random Forest,RF,0.9,0.8495575221238938,0.13953488372093023,N
1546958736,3,existential_threat,Logistic Regression,LR,0.9,0.7212389380530974,0.136986301369863,Y
1546958736,3,existential_threat,Random Forest,RF,0.9,0.7212389380530974,0.0,Y
1935563060,4,id_target_gps,Logistic Regression,LR,0.1,0.8461538461538461,0.6666666666666666,N
1935563060,4,id_target_gps,Random Forest,RF,0.1,0.8461538461538461,0.6153846153846154,N
1935563060,4,id_target_gps,Logistic Regression,LR,0.1,0.6538461538461539,0.0,Y
1935563060,4,id_target_gps,Random Forest,RF,0.1,0.6538461538461539,0.0,Y
1935563060,4,id_target_gps,Logistic Regression,LR,0.2,0.8431372549019608,0.6363636363636364,N
1935563060,4,id_target_gps,Random Forest,RF,0.2,0.8431372549019608,0.6666666666666666,N
1935563060,4,id_target_gps,Logistic Regression,LR,0.2,0.7058823529411765,0.0,Y
1935563060,4,id_target_gps,Random Forest,RF,0.2,0.7058823529411765,0.0,Y
1935563060,4,id_target_gps,Logistic Regression,LR,0.3,0.7894736842105263,0.5555555555555556,N
1935563060,4,id_target_gps,Random Forest,RF,0.3,0.7894736842105263,0.5882352941176471,N
1935563060,4,id_target_gps,Logistic Regression,LR,0.3,0.6973684210526315,0.14814814814814814,Y
1935563060,4,id_target_gps,Random Forest,RF,0.3,0.6973684210526315,0.23076923076923078,Y
1935563060,4,id_target_gps,Logistic Regression,LR,0.4,0.801980198019802,0.6551724137931034,N
1935563060,4,id_target_gps,Random Forest,RF,0.4,0.801980198019802,0.8148148148148148,N
1935563060,4,id_target_gps,Logistic Regression,LR,0.4,0.693069306930693,0.06060606060606061,Y
1935563060,4,id_target_gps,Random Forest,RF,0.4,0.693069306930693,0.11764705882352941,Y
1935563060,4,id_target_gps,Logistic Regression,LR,0.5,0.7857142857142857,0.6301369863013698,N
1935563060,4,id_target_gps,Random Forest,RF,0.5,0.7857142857142857,0.7213114754098361,N
1935563060,4,id_target_gps,Logistic Regression,LR,0.5,0.6349206349206349,0.08,Y
1935563060,4,id_target_gps,Random Forest,RF,0.5,0.6349206349206349,0.08888888888888889,Y
1935563060,4,id_target_gps,Logistic Regression,LR,0.6,0.8145695364238411,0.5882352941176471,N
1935563060,4,id_target_gps,Random Forest,RF,0.6,0.8145695364238411,0.6363636363636364,N
1935563060,4,id_target_gps,Logistic Regression,LR,0.6,0.6622516556291391,0.28169014084507044,Y
1935563060,4,id_target_gps,Random Forest,RF,0.6,0.6622516556291391,0.07272727272727272,Y
1935563060,4,id_target_gps,Logistic Regression,LR,0.7,0.7727272727272727,0.6078431372549019,N
1935563060,4,id_target_gps,Random Forest,RF,0.7,0.7727272727272727,0.6582278481012658,N
1935563060,4,id_target_gps,Logistic Regression,LR,0.7,0.625,0.23255813953488372,Y
1935563060,4,id_target_gps,Random Forest,RF,0.7,0.625,0.19718309859154928,Y
1935563060,4,id_target_gps,Logistic Regression,LR,0.8,0.8009950248756219,0.6296296296296297,N
1935563060,4,id_target_gps,Random Forest,RF,0.8,0.8009950248756219,0.6666666666666666,N
1935563060,4,id_target_gps,Logistic Regression,LR,0.8,0.6368159203980099,0.1411764705882353,Y
1935563060,4,id_target_gps,Random Forest,RF,0.8,0.6368159203980099,0.12658227848101267,Y
1935563060,4,id_target_gps,Logistic Regression,LR,0.9,0.7389380530973452,0.4485981308411215,N
1935563060,4,id_target_gps,Random Forest,RF,0.9,0.7389380530973452,0.41304347826086957,N
1935563060,4,id_target_gps,Logistic Regression,LR,0.9,0.6991150442477876,0.2916666666666667,Y
1935563060,4,id_target_gps,Random Forest,RF,0.9,0.6991150442477876,0.13513513513513514,Y
1937427700,4,coercive_control,Logistic Regression,LR,0.1,0.8076923076923077,0.4444444444444444,N
1937427700,4,coercive_control,Random Forest,RF,0.1,0.8076923076923077,0.6666666666666666,N
1937427700,4,coercive_control,Logistic Regression,LR,0.1,0.6923076923076923,0.2,Y
1937427700,4,coercive_control,Random Forest,RF,0.1,0.6923076923076923,0.2222222222222222,Y
1937427700,4,coercive_control,Logistic Regression,LR,0.2,0.8235294117647058,0.6086956521739131,N
1937427700,4,coercive_control,Random Forest,RF,0.2,0.8235294117647058,0.8,N
1937427700,4,coercive_control,Logistic Regression,LR,0.2,0.6470588235294118,0.1,Y
1937427700,4,coercive_control,Random Forest,RF,0.2,0.6470588235294118,0.0,Y
1937427700,4,coercive_control,Logistic Regression,LR,0.3,0.7894736842105263,0.5789473684210527,N
1937427700,4,coercive_control,Random Forest,RF,0.3,0.7894736842105263,0.7567567567567568,N
1937427700,4,coercive_control,Logistic Regression,LR,0.3,0.6842105263157895,0.2,Y
1937427700,4,coercive_control,Random Forest,RF,0.3,0.6842105263157895,0.07407407407407407,Y
1937427700,4,coercive_control,Logistic Regression,LR,0.4,0.7821782178217822,0.5217391304347826,N
1937427700,4,coercive_control,Random Forest,RF,0.4,0.7821782178217822,0.6818181818181818,N
1937427700,4,coercive_control,Logistic Regression,LR,0.4,0.693069306930693,0.16216216216216217,Y
1937427700,4,coercive_control,Random Forest,RF,0.4,0.693069306930693,0.2,Y
1937427700,4,coercive_control,Logistic Regression,LR,0.5,0.8095238095238095,0.6,N
1937427700,4,coercive_control,Random Forest,RF,0.5,0.8095238095238095,0.6896551724137931,N
1937427700,4,coercive_control,Logistic Regression,LR,0.5,0.6031746031746031,0.24242424242424243,Y
1937427700,4,coercive_control,Random Forest,RF,0.5,0.6031746031746031,0.18867924528301888,Y
1937427700,4,coercive_control,Logistic Regression,LR,0.6,0.7350993377483444,0.5121951219512195,N
1937427700,4,coercive_control,Random Forest,RF,0.6,0.7350993377483444,0.6764705882352942,N
1937427700,4,coercive_control,Logistic Regression,LR,0.6,0.6357615894039735,0.12698412698412698,Y
1937427700,4,coercive_control,Random Forest,RF,0.6,0.6357615894039735,0.13333333333333333,Y
1937427700,4,coercive_control,Logistic Regression,LR,0.7,0.8011363636363636,0.5882352941176471,N
1937427700,4,coercive_control,Random Forest,RF,0.7,0.8011363636363636,0.5555555555555556,N
1937427700,4,coercive_control,Logistic Regression,LR,0.7,0.5852272727272727,0.24742268041237114,Y
1937427700,4,coercive_control,Random Forest,RF,0.7,0.5852272727272727,0.1791044776119403,Y
1937427700,4,coercive_control,Logistic Regression,LR,0.8,0.7611940298507462,0.5555555555555556,N
1937427700,4,coercive_control,Random Forest,RF,0.8,0.7611940298507462,0.5,N
1937427700,4,coercive_control,Logistic Regression,LR,0.8,0.6616915422885572,0.32,Y
1937427700,4,coercive_control,Random Forest,RF,0.8,0.6616915422885572,0.11428571428571428,Y
1937427700,4,coercive_control,Logistic Regression,LR,0.9,0.7743362831858407,0.592,N
1937427700,4,coercive_control,Random Forest,RF,0.9,0.7743362831858407,0.5252525252525253,N
1937427700,4,coercive_control,Logistic Regression,LR,0.9,0.6327433628318584,0.20952380952380953,Y
1937427700,4,coercive_control,Random Forest,RF,0.9,0.6327433628318584,0.1875,Y
1938826180,4,existential_threat,Logistic Regression,LR,0.1,0.8076923076923077,0.2857142857142857,N
1938826180,4,existential_threat,Random Forest,RF,0.1,0.8076923076923077,0.75,N
1938826180,4,existential_threat,Logistic Regression,LR,0.1,0.8076923076923077,0.0,Y
1938826180,4,existential_threat,Random Forest,RF,0.1,0.8076923076923077,0.0,Y
1938826180,4,existential_threat,Logistic Regression,LR,0.2,0.803921568627451,0.2857142857142857,N
1938826180,4,existential_threat,Random Forest,RF,0.2,0.803921568627451,0.42857142857142855,N
1938826180,4,existential_threat,Logistic Regression,LR,0.2,0.803921568627451,0.0,Y
1938826180,4,existential_threat,Random Forest,RF,0.2,0.803921568627451,0.0,Y
1938826180,4,existential_threat,Logistic Regression,LR,0.3,0.8947368421052632,0.6923076923076923,N
1938826180,4,existential_threat,Random Forest,RF,0.3,0.8947368421052632,0.631578947368421,N
1938826180,4,existential_threat,Logistic Regression,LR,0.3,0.7763157894736842,0.10526315789473684,Y
1938826180,4,existential_threat,Random Forest,RF,0.3,0.7763157894736842,0.25,Y
1938826180,4,existential_threat,Logistic Regression,LR,0.4,0.8712871287128713,0.6285714285714286,N
1938826180,4,existential_threat,Random Forest,RF,0.4,0.8712871287128713,0.6206896551724138,N
1938826180,4,existential_threat,Logistic Regression,LR,0.4,0.7227722772277227,0.0,Y
1938826180,4,existential_threat,Random Forest,RF,0.4,0.7227722772277227,0.0,Y
1938826180,4,existential_threat,Logistic Regression,LR,0.5,0.8253968253968254,0.47619047619047616,N
1938826180,4,existential_threat,Random Forest,RF,0.5,0.8253968253968254,0.6153846153846154,N
1938826180,4,existential_threat,Logistic Regression,LR,0.5,0.7619047619047619,0.0625,Y
1938826180,4,existential_threat,Random Forest,RF,0.5,0.7619047619047619,0.0,Y
1938826180,4,existential_threat,Logistic Regression,LR,0.6,0.8543046357615894,0.5217391304347826,N
1938826180,4,existential_threat,Random Forest,RF,0.6,0.8543046357615894,0.4444444444444444,N
1938826180,4,existential_threat,Logistic Regression,LR,0.6,0.8013245033112583,0.0,Y
1938826180,4,existential_threat,Random Forest,RF,0.6,0.8013245033112583,0.06666666666666667,Y
1938826180,4,existential_threat,Logistic Regression,LR,0.7,0.8409090909090909,0.46153846153846156,N
1938826180,4,existential_threat,Random Forest,RF,0.7,0.8409090909090909,0.5,N
1938826180,4,existential_threat,Logistic Regression,LR,0.7,0.8238636363636364,0.16216216216216217,Y
1938826180,4,existential_threat,Random Forest,RF,0.7,0.8238636363636364,0.0,Y
1938826180,4,existential_threat,Logistic Regression,LR,0.8,0.8706467661691543,0.5357142857142857,N
1938826180,4,existential_threat,Random Forest,RF,0.8,0.8706467661691543,0.4897959183673469,N
1938826180,4,existential_threat,Logistic Regression,LR,0.8,0.7263681592039801,0.09836065573770492,Y
1938826180,4,existential_threat,Random Forest,RF,0.8,0.7263681592039801,0.0,Y
1938826180,4,existential_threat,Logistic Regression,LR,0.9,0.8008849557522124,0.1509433962264151,N
1938826180,4,existential_threat,Random Forest,RF,0.9,0.8008849557522124,0.13043478260869565,N
1938826180,4,existential_threat,Logistic Regression,LR,0.9,0.7123893805309734,0.17721518987341772,Y
1938826180,4,existential_threat,Random Forest,RF,0.9,0.7123893805309734,0.047619047619047616,Y
2328828984,5,id_target_gps,Logistic Regression,LR,0.1,0.7692307692307693,0.5714285714285714,N
2328828984,5,id_target_gps,Random Forest,RF,0.1,0.7692307692307693,0.7692307692307693,N
2328828984,5,id_target_gps,Logistic Regression,LR,0.1,0.6538461538461539,0.0,Y
2328828984,5,id_target_gps,Random Forest,RF,0.1,0.6538461538461539,0.0,Y
2328828984,5,id_target_gps,Logistic Regression,LR,0.2,0.8431372549019608,0.6363636363636364,N
2328828984,5,id_target_gps,Random Forest,RF,0.2,0.8431372549019608,0.782608695652174,N
2328828984,5,id_target_gps,Logistic Regression,LR,0.2,0.6470588235294118,0.0,Y
2328828984,5,id_target_gps,Random Forest,RF,0.2,0.6470588235294118,0.0,Y
2328828984,5,id_target_gps,Logistic Regression,LR,0.3,0.8289473684210527,0.6666666666666666,N
2328828984,5,id_target_gps,Random Forest,RF,0.3,0.8289473684210527,0.8421052631578947,N
2328828984,5,id_target_gps,Logistic Regression,LR,0.3,0.6842105263157895,0.2,Y
2328828984,5,id_target_gps,Random Forest,RF,0.3,0.6842105263157895,0.21428571428571427,Y
2328828984,5,id_target_gps,Logistic Regression,LR,0.4,0.801980198019802,0.6153846153846154,N
2328828984,5,id_target_gps,Random Forest,RF,0.4,0.801980198019802,0.6938775510204082,N
2328828984,5,id_target_gps,Logistic Regression,LR,0.4,0.6732673267326733,0.10810810810810811,Y
2328828984,5,id_target_gps,Random Forest,RF,0.4,0.6732673267326733,0.058823529411764705,Y
2328828984,5,id_target_gps,Logistic Regression,LR,0.5,0.8650793650793651,0.7301587301587301,N
2328828984,5,id_target_gps,Random Forest,RF,0.5,0.8650793650793651,0.7796610169491526,N
2328828984,5,id_target_gps,Logistic Regression,LR,0.5,0.6825396825396826,0.16666666666666666,Y
2328828984,5,id_target_gps,Random Forest,RF,0.5,0.6825396825396826,0.1702127659574468,Y
2328828984,5,id_target_gps,Logistic Regression,LR,0.6,0.8344370860927153,0.6575342465753424,N
2328828984,5,id_target_gps,Random Forest,RF,0.6,0.8344370860927153,0.7631578947368421,N
2328828984,5,id_target_gps,Logistic Regression,LR,0.6,0.7152317880794702,0.3384615384615385,Y
2328828984,5,id_target_gps,Random Forest,RF,0.6,0.7152317880794702,0.07692307692307693,Y
2328828984,5,id_target_gps,Logistic Regression,LR,0.7,0.7954545454545454,0.5,N
2328828984,5,id_target_gps,Random Forest,RF,0.7,0.7954545454545454,0.6052631578947368,N
2328828984,5,id_target_gps,Logistic Regression,LR,0.7,0.6420454545454546,0.18181818181818182,Y
2328828984,5,id_target_gps,Random Forest,RF,0.7,0.6420454545454546,0.09523809523809523,Y
2328828984,5,id_target_gps,Logistic Regression,LR,0.8,0.7810945273631841,0.5686274509803921,N
2328828984,5,id_target_gps,Random Forest,RF,0.8,0.7810945273631841,0.6373626373626373,N
2328828984,5,id_target_gps,Logistic Regression,LR,0.8,0.6218905472636815,0.2549019607843137,Y
2328828984,5,id_target_gps,Random Forest,RF,0.8,0.6218905472636815,0.16901408450704225,Y
2328828984,5,id_target_gps,Logistic Regression,LR,0.9,0.7699115044247787,0.5517241379310345,N
2328828984,5,id_target_gps,Random Forest,RF,0.9,0.7699115044247787,0.2682926829268293,N
2328828984,5,id_target_gps,Logistic Regression,LR,0.9,0.6637168141592921,0.3090909090909091,Y
2328828984,5,id_target_gps,Random Forest,RF,0.9,0.6637168141592921,0.1839080459770115,Y
2331066552,5,coercive_control,Logistic Regression,LR,0.1,0.7692307692307693,0.625,N
2331066552,5,coercive_control,Random Forest,RF,0.1,0.7692307692307693,0.5714285714285714,N
2331066552,5,coercive_control,Logistic Regression,LR,0.1,0.6538461538461539,0.0,Y
2331066552,5,coercive_control,Random Forest,RF,0.1,0.6538461538461539,0.0,Y
2331066552,5,coercive_control,Logistic Regression,LR,0.2,0.8431372549019608,0.7333333333333333,N
2331066552,5,coercive_control,Random Forest,RF,0.2,0.8431372549019608,0.8888888888888888,N
2331066552,5,coercive_control,Logistic Regression,LR,0.2,0.6078431372549019,0.0,Y
2331066552,5,coercive_control,Random Forest,RF,0.2,0.6078431372549019,0.0,Y
2331066552,5,coercive_control,Logistic Regression,LR,0.3,0.7894736842105263,0.5,N
2331066552,5,coercive_control,Random Forest,RF,0.3,0.7894736842105263,0.6666666666666666,N
2331066552,5,coercive_control,Logistic Regression,LR,0.3,0.6052631578947368,0.0625,Y
2331066552,5,coercive_control,Random Forest,RF,0.3,0.6052631578947368,0.125,Y
2331066552,5,coercive_control,Logistic Regression,LR,0.4,0.8316831683168316,0.6792452830188679,N
2331066552,5,coercive_control,Random Forest,RF,0.4,0.8316831683168316,0.8727272727272727,N
2331066552,5,coercive_control,Logistic Regression,LR,0.4,0.6039603960396039,0.13043478260869565,Y
2331066552,5,coercive_control,Random Forest,RF,0.4,0.6039603960396039,0.08888888888888889,Y
2331066552,5,coercive_control,Logistic Regression,LR,0.5,0.7857142857142857,0.5714285714285714,N
2331066552,5,coercive_control,Random Forest,RF,0.5,0.7857142857142857,0.75,N
2331066552,5,coercive_control,Logistic Regression,LR,0.5,0.6746031746031746,0.19607843137254902,Y
2331066552,5,coercive_control,Random Forest,RF,0.5,0.6746031746031746,0.32727272727272727,Y
2331066552,5,coercive_control,Logistic Regression,LR,0.6,0.7615894039735099,0.6086956521739131,N
2331066552,5,coercive_control,Random Forest,RF,0.6,0.7615894039735099,0.7272727272727273,N
2331066552,5,coercive_control,Logistic Regression,LR,0.6,0.6291390728476821,0.17647058823529413,Y
2331066552,5,coercive_control,Random Forest,RF,0.6,0.6291390728476821,0.17857142857142858,Y
2331066552,5,coercive_control,Logistic Regression,LR,0.7,0.8125,0.6292134831460674,N
2331066552,5,coercive_control,Random Forest,RF,0.7,0.8125,0.6233766233766234,N
2331066552,5,coercive_control,Logistic Regression,LR,0.7,0.6193181818181818,0.1927710843373494,Y
2331066552,5,coercive_control,Random Forest,RF,0.7,0.6193181818181818,0.18666666666666668,Y
2331066552,5,coercive_control,Logistic Regression,LR,0.8,0.8009950248756219,0.6,N
2331066552,5,coercive_control,Random Forest,RF,0.8,0.8009950248756219,0.6086956521739131,N
2331066552,5,coercive_control,Logistic Regression,LR,0.8,0.6766169154228856,0.23529411764705882,Y
2331066552,5,coercive_control,Random Forest,RF,0.8,0.6766169154228856,0.11267605633802817,Y
2331066552,5,coercive_control,Logistic Regression,LR,0.9,0.7522123893805309,0.48148148148148145,N
2331066552,5,coercive_control,Random Forest,RF,0.9,0.7522123893805309,0.375,N
2331066552,5,coercive_control,Logistic Regression,LR,0.9,0.5707964601769911,0.2706766917293233,Y
2331066552,5,coercive_control,Random Forest,RF,0.9,0.5707964601769911,0.2702702702702703,Y
2332744728,5,existential_threat,Logistic Regression,LR,0.1,0.8461538461538461,0.5,N
2332744728,5,existential_threat,Random Forest,RF,0.1,0.8461538461538461,0.5714285714285714,N
2332744728,5,existential_threat,Logistic Regression,LR,0.1,0.7692307692307693,0.0,Y
2332744728,5,existential_threat,Random Forest,RF,0.1,0.7692307692307693,0.0,Y
2332744728,5,existential_threat,Logistic Regression,LR,0.2,0.7647058823529411,0.3333333333333333,N
2332744728,5,existential_threat,Random Forest,RF,0.2,0.7647058823529411,0.7058823529411765,N
2332744728,5,existential_threat,Logistic Regression,LR,0.2,0.7843137254901961,0.0,Y
2332744728,5,existential_threat,Random Forest,RF,0.2,0.7843137254901961,0.0,Y
2332744728,5,existential_threat,Logistic Regression,LR,0.3,0.8421052631578947,0.3333333333333333,N
2332744728,5,existential_threat,Random Forest,RF,0.3,0.8421052631578947,0.5555555555555556,N
2332744728,5,existential_threat,Logistic Regression,LR,0.3,0.8289473684210527,0.0,Y
2332744728,5,existential_threat,Random Forest,RF,0.3,0.8289473684210527,0.0,Y
2332744728,5,existential_threat,Logistic Regression,LR,0.4,0.900990099009901,0.7058823529411765,N
2332744728,5,existential_threat,Random Forest,RF,0.4,0.900990099009901,0.6428571428571429,N
2332744728,5,existential_threat,Logistic Regression,LR,0.4,0.7920792079207921,0.16,Y
2332744728,5,existential_threat,Random Forest,RF,0.4,0.7920792079207921,0.17391304347826086,Y
2332744728,5,existential_threat,Logistic Regression,LR,0.5,0.8492063492063492,0.42424242424242425,N
2332744728,5,existential_threat,Random Forest,RF,0.5,0.8492063492063492,0.4,N
2332744728,5,existential_threat,Logistic Regression,LR,0.5,0.8174603174603174,0.20689655172413793,Y
2332744728,5,existential_threat,Random Forest,RF,0.5,0.8174603174603174,0.16,Y
2332744728,5,existential_threat,Logistic Regression,LR,0.6,0.8609271523178808,0.5714285714285714,N
2332744728,5,existential_threat,Random Forest,RF,0.6,0.8609271523178808,0.45,N
2332744728,5,existential_threat,Logistic Regression,LR,0.6,0.8211920529801324,0.22857142857142856,Y
2332744728,5,existential_threat,Random Forest,RF,0.6,0.8211920529801324,0.12121212121212122,Y
2332744728,5,existential_threat,Logistic Regression,LR,0.7,0.8352272727272727,0.4528301886792453,N
2332744728,5,existential_threat,Random Forest,RF,0.7,0.8352272727272727,0.5833333333333334,N
2332744728,5,existential_threat,Logistic Regression,LR,0.7,0.8181818181818182,0.2,Y
2332744728,5,existential_threat,Random Forest,RF,0.7,0.8181818181818182,0.16216216216216217,Y
2332744728,5,existential_threat,Logistic Regression,LR,0.8,0.8308457711442786,0.5142857142857142,N
2332744728,5,existential_threat,Random Forest,RF,0.8,0.8308457711442786,0.48,N
2332744728,5,existential_threat,Logistic Regression,LR,0.8,0.8059701492537313,0.04878048780487805,Y
2332744728,5,existential_threat,Random Forest,RF,0.8,0.8059701492537313,0.0,Y
2332744728,5,existential_threat,Logistic Regression,LR,0.9,0.8008849557522124,0.26229508196721313,N
2332744728,5,existential_threat,Random Forest,RF,0.9,0.8008849557522124,0.13953488372093023,N
2332744728,5,existential_threat,Logistic Regression,LR,0.9,0.8008849557522124,0.18181818181818182,Y
2332744728,5,existential_threat,Random Forest,RF,0.9,0.8008849557522124,0.0,Y
5211560,6,id_target_gps,Logistic Regression,LR,0.1,0.9230769230769231,0.8333333333333334,N
5211560,6,id_target_gps,Random Forest,RF,0.1,0.9230769230769231,0.9230769230769231,N
5211560,6,id_target_gps,Logistic Regression,LR,0.1,0.6923076923076923,0.2,Y
5211560,6,id_target_gps,Random Forest,RF,0.1,0.6923076923076923,0.36363636363636365,Y
5211560,6,id_target_gps,Logistic Regression,LR,0.2,0.803921568627451,0.6153846153846154,N
5211560,6,id_target_gps,Random Forest,RF,0.2,0.803921568627451,0.75,N
5211560,6,id_target_gps,Logistic Regression,LR,0.2,0.6078431372549019,0.0,Y
5211560,6,id_target_gps,Random Forest,RF,0.2,0.6078431372549019,0.0,Y
5211560,6,id_target_gps,Logistic Regression,LR,0.3,0.7763157894736842,0.5142857142857142,N
5211560,6,id_target_gps,Random Forest,RF,0.3,0.7763157894736842,0.6285714285714286,N
5211560,6,id_target_gps,Logistic Regression,LR,0.3,0.6842105263157895,0.14285714285714285,Y
5211560,6,id_target_gps,Random Forest,RF,0.3,0.6842105263157895,0.07692307692307693,Y
5211560,6,id_target_gps,Logistic Regression,LR,0.4,0.7821782178217822,0.5416666666666666,N
5211560,6,id_target_gps,Random Forest,RF,0.4,0.7821782178217822,0.8333333333333334,N
5211560,6,id_target_gps,Logistic Regression,LR,0.4,0.693069306930693,0.06060606060606061,Y
5211560,6,id_target_gps,Random Forest,RF,0.4,0.693069306930693,0.11764705882352941,Y
5211560,6,id_target_gps,Logistic Regression,LR,0.5,0.8412698412698413,0.6428571428571429,N
5211560,6,id_target_gps,Random Forest,RF,0.5,0.8412698412698413,0.7666666666666667,N
5211560,6,id_target_gps,Logistic Regression,LR,0.5,0.6349206349206349,0.17857142857142858,Y
5211560,6,id_target_gps,Random Forest,RF,0.5,0.6349206349206349,0.32653061224489793,Y
5211560,6,id_target_gps,Logistic Regression,LR,0.6,0.7748344370860927,0.575,N
5211560,6,id_target_gps,Random Forest,RF,0.6,0.7748344370860927,0.5074626865671642,N
5211560,6,id_target_gps,Logistic Regression,LR,0.6,0.6423841059602649,0.15625,Y
5211560,6,id_target_gps,Random Forest,RF,0.6,0.6423841059602649,0.07692307692307693,Y
5211560,6,id_target_gps,Logistic Regression,LR,0.7,0.75,0.56,N
5211560,6,id_target_gps,Random Forest,RF,0.7,0.75,0.6896551724137931,N
5211560,6,id_target_gps,Logistic Regression,LR,0.7,0.7102272727272727,0.3013698630136986,Y
5211560,6,id_target_gps,Random Forest,RF,0.7,0.7102272727272727,0.13793103448275862,Y
5211560,6,id_target_gps,Logistic Regression,LR,0.8,0.8159203980099502,0.6407766990291263,N
5211560,6,id_target_gps,Random Forest,RF,0.8,0.8159203980099502,0.5681818181818182,N
5211560,6,id_target_gps,Logistic Regression,LR,0.8,0.6417910447761194,0.12195121951219512,Y
5211560,6,id_target_gps,Random Forest,RF,0.8,0.6417910447761194,0.03076923076923077,Y
5211560,6,id_target_gps,Logistic Regression,LR,0.9,0.7212389380530974,0.4878048780487805,N
5211560,6,id_target_gps,Random Forest,RF,0.9,0.7212389380530974,0.44,N
5211560,6,id_target_gps,Logistic Regression,LR,0.9,0.6504424778761062,0.15053763440860216,Y
5211560,6,id_target_gps,Random Forest,RF,0.9,0.6504424778761062,0.21686746987951808,Y
7822056,6,coercive_control,Logistic Regression,LR,0.1,0.7307692307692307,0.46153846153846156,N
7822056,6,coercive_control,Random Forest,RF,0.1,0.7307692307692307,0.9230769230769231,N
7822056,6,coercive_control,Logistic Regression,LR,0.1,0.6538461538461539,0.18181818181818182,Y
7822056,6,coercive_control,Random Forest,RF,0.1,0.6538461538461539,0.0,Y
7822056,6,coercive_control,Logistic Regression,LR,0.2,0.803921568627451,0.6153846153846154,N
7822056,6,coercive_control,Random Forest,RF,0.2,0.803921568627451,0.8,N
7822056,6,coercive_control,Logistic Regression,LR,0.2,0.6470588235294118,0.0,Y
7822056,6,coercive_control,Random Forest,RF,0.2,0.6470588235294118,0.0,Y
7822056,6,coercive_control,Logistic Regression,LR,0.3,0.868421052631579,0.7222222222222222,N
7822056,6,coercive_control,Random Forest,RF,0.3,0.868421052631579,0.7894736842105263,N
7822056,6,coercive_control,Logistic Regression,LR,0.3,0.6973684210526315,0.20689655172413793,Y
7822056,6,coercive_control,Random Forest,RF,0.3,0.6973684210526315,0.13333333333333333,Y
7822056,6,coercive_control,Logistic Regression,LR,0.4,0.7623762376237624,0.5714285714285714,N
7822056,6,coercive_control,Random Forest,RF,0.4,0.7623762376237624,0.6792452830188679,N
7822056,6,coercive_control,Logistic Regression,LR,0.4,0.6831683168316832,0.0,Y
7822056,6,coercive_control,Random Forest,RF,0.4,0.6831683168316832,0.1111111111111111,Y
7822056,6,coercive_control,Logistic Regression,LR,0.5,0.7698412698412699,0.5797101449275363,N
7822056,6,coercive_control,Random Forest,RF,0.5,0.7698412698412699,0.6785714285714286,N
7822056,6,coercive_control,Logistic Regression,LR,0.5,0.6904761904761905,0.09302325581395349,Y
7822056,6,coercive_control,Random Forest,RF,0.5,0.6904761904761905,0.08695652173913043,Y
7822056,6,coercive_control,Logistic Regression,LR,0.6,0.7814569536423841,0.6206896551724138,N
7822056,6,coercive_control,Random Forest,RF,0.6,0.7814569536423841,0.6933333333333334,N
7822056,6,coercive_control,Logistic Regression,LR,0.6,0.6357615894039735,0.22535211267605634,Y
7822056,6,coercive_control,Random Forest,RF,0.6,0.6357615894039735,0.1724137931034483,Y
7822056,6,coercive_control,Logistic Regression,LR,0.7,0.7556818181818182,0.5168539325842697,N
7822056,6,coercive_control,Random Forest,RF,0.7,0.7556818181818182,0.7160493827160493,N
7822056,6,coercive_control,Logistic Regression,LR,0.7,0.6534090909090909,0.22784810126582278,Y
7822056,6,coercive_control,Random Forest,RF,0.7,0.6534090909090909,0.14925373134328357,Y
7822056,6,coercive_control,Logistic Regression,LR,0.8,0.8109452736318408,0.5957446808510638,N
7822056,6,coercive_control,Random Forest,RF,0.8,0.8109452736318408,0.6136363636363636,N
7822056,6,coercive_control,Logistic Regression,LR,0.8,0.5771144278606966,0.17475728155339806,Y
7822056,6,coercive_control,Random Forest,RF,0.8,0.5771144278606966,0.028985507246376812,Y
7822056,6,coercive_control,Logistic Regression,LR,0.9,0.6592920353982301,0.384,N
7822056,6,coercive_control,Random Forest,RF,0.9,0.6592920353982301,0.4,N
7822056,6,coercive_control,Logistic Regression,LR,0.9,0.6371681415929203,0.2807017543859649,Y
7822056,6,coercive_control,Random Forest,RF,0.9,0.6371681415929203,0.11627906976744186,Y
9779928,6,existential_threat,Logistic Regression,LR,0.1,0.8461538461538461,0.3333333333333333,N
9779928,6,existential_threat,Random Forest,RF,0.1,0.8461538461538461,0.5714285714285714,N
9779928,6,existential_threat,Logistic Regression,LR,0.1,0.8076923076923077,0.0,Y
9779928,6,existential_threat,Random Forest,RF,0.1,0.8076923076923077,0.3333333333333333,Y
9779928,6,existential_threat,Logistic Regression,LR,0.2,0.8235294117647058,0.4,N
9779928,6,existential_threat,Random Forest,RF,0.2,0.8235294117647058,0.75,N
9779928,6,existential_threat,Logistic Regression,LR,0.2,0.803921568627451,0.0,Y
9779928,6,existential_threat,Random Forest,RF,0.2,0.803921568627451,0.0,Y
9779928,6,existential_threat,Logistic Regression,LR,0.3,0.8552631578947368,0.5217391304347826,N
9779928,6,existential_threat,Random Forest,RF,0.3,0.8552631578947368,0.3333333333333333,N
9779928,6,existential_threat,Logistic Regression,LR,0.3,0.7894736842105263,0.0,Y
9779928,6,existential_threat,Random Forest,RF,0.3,0.7894736842105263,0.0,Y
9779928,6,existential_threat,Logistic Regression,LR,0.4,0.8415841584158416,0.5,N
9779928,6,existential_threat,Random Forest,RF,0.4,0.8415841584158416,0.6896551724137931,N
9779928,6,existential_threat,Logistic Regression,LR,0.4,0.7920792079207921,0.08695652173913043,Y
9779928,6,existential_threat,Random Forest,RF,0.4,0.7920792079207921,0.0,Y
9779928,6,existential_threat,Logistic Regression,LR,0.5,0.8650793650793651,0.5142857142857142,N
9779928,6,existential_threat,Random Forest,RF,0.5,0.8650793650793651,0.47058823529411764,N
9779928,6,existential_threat,Logistic Regression,LR,0.5,0.7619047619047619,0.0,Y
9779928,6,existential_threat,Random Forest,RF,0.5,0.7619047619047619,0.08,Y
9779928,6,existential_threat,Logistic Regression,LR,0.6,0.8079470198675497,0.4727272727272727,N
9779928,6,existential_threat,Random Forest,RF,0.6,0.8079470198675497,0.4864864864864865,N
9779928,6,existential_threat,Logistic Regression,LR,0.6,0.7615894039735099,0.0,Y
9779928,6,existential_threat,Random Forest,RF,0.6,0.7615894039735099,0.18181818181818182,Y
9779928,6,existential_threat,Logistic Regression,LR,0.7,0.8352272727272727,0.5396825396825397,N
9779928,6,existential_threat,Random Forest,RF,0.7,0.8352272727272727,0.46153846153846156,N
9779928,6,existential_threat,Logistic Regression,LR,0.7,0.7840909090909091,0.05,Y
9779928,6,existential_threat,Random Forest,RF,0.7,0.7840909090909091,0.05263157894736842,Y
9779928,6,existential_threat,Logistic Regression,LR,0.8,0.845771144278607,0.41509433962264153,N
9779928,6,existential_threat,Random Forest,RF,0.8,0.845771144278607,0.32558139534883723,N
9779928,6,existential_threat,Logistic Regression,LR,0.8,0.7611940298507462,0.14285714285714285,Y
9779928,6,existential_threat,Random Forest,RF,0.8,0.7611940298507462,0.0,Y
9779928,6,existential_threat,Logistic Regression,LR,0.9,0.8141592920353983,0.2222222222222222,N
9779928,6,existential_threat,Random Forest,RF,0.9,0.8141592920353983,0.13953488372093023,N
9779928,6,existential_threat,Logistic Regression,LR,0.9,0.7920353982300885,0.0,Y
9779928,6,existential_threat,Random Forest,RF,0.9,0.7920353982300885,0.0,Y
402486460,7,id_target_gps,Logistic Regression,LR,0.1,0.8076923076923077,0.6153846153846154,N
402486460,7,id_target_gps,Random Forest,RF,0.1,0.8076923076923077,0.8,N
402486460,7,id_target_gps,Logistic Regression,LR,0.1,0.6923076923076923,0.2,Y
402486460,7,id_target_gps,Random Forest,RF,0.1,0.6923076923076923,0.0,Y
402486460,7,id_target_gps,Logistic Regression,LR,0.2,0.8235294117647058,0.5714285714285714,N
402486460,7,id_target_gps,Random Forest,RF,0.2,0.8235294117647058,0.6666666666666666,N
402486460,7,id_target_gps,Logistic Regression,LR,0.2,0.6666666666666666,0.0,Y
402486460,7,id_target_gps,Random Forest,RF,0.2,0.6666666666666666,0.125,Y
402486460,7,id_target_gps,Logistic Regression,LR,0.3,0.7631578947368421,0.5,N
402486460,7,id_target_gps,Random Forest,RF,0.3,0.7631578947368421,0.7428571428571429,N
402486460,7,id_target_gps,Logistic Regression,LR,0.3,0.7105263157894737,0.0,Y
402486460,7,id_target_gps,Random Forest,RF,0.3,0.7105263157894737,0.06896551724137931,Y
402486460,7,id_target_gps,Logistic Regression,LR,0.4,0.801980198019802,0.5454545454545454,N
402486460,7,id_target_gps,Random Forest,RF,0.4,0.801980198019802,0.7555555555555555,N
402486460,7,id_target_gps,Logistic Regression,LR,0.4,0.7029702970297029,0.25,Y
402486460,7,id_target_gps,Random Forest,RF,0.4,0.7029702970297029,0.09302325581395349,Y
402486460,7,id_target_gps,Logistic Regression,LR,0.5,0.8015873015873016,0.6031746031746031,N
402486460,7,id_target_gps,Random Forest,RF,0.5,0.8015873015873016,0.7241379310344828,N
402486460,7,id_target_gps,Logistic Regression,LR,0.5,0.6428571428571429,0.08163265306122448,Y
402486460,7,id_target_gps,Random Forest,RF,0.5,0.6428571428571429,0.12244897959183673,Y
402486460,7,id_target_gps,Logistic Regression,LR,0.6,0.7483443708609272,0.4864864864864865,N
402486460,7,id_target_gps,Random Forest,RF,0.6,0.7483443708609272,0.5633802816901409,N
402486460,7,id_target_gps,Logistic Regression,LR,0.6,0.6490066225165563,0.1016949152542373,Y
402486460,7,id_target_gps,Random Forest,RF,0.6,0.6490066225165563,0.07407407407407407,Y
402486460,7,id_target_gps,Logistic Regression,LR,0.7,0.7670454545454546,0.4383561643835616,N
402486460,7,id_target_gps,Random Forest,RF,0.7,0.7670454545454546,0.4057971014492754,N
402486460,7,id_target_gps,Logistic Regression,LR,0.7,0.6988636363636364,0.15873015873015872,Y
402486460,7,id_target_gps,Random Forest,RF,0.7,0.6988636363636364,0.13333333333333333,Y
402486460,7,id_target_gps,Logistic Regression,LR,0.8,0.7661691542288557,0.584070796460177,N
402486460,7,id_target_gps,Random Forest,RF,0.8,0.7661691542288557,0.48717948717948717,N
402486460,7,id_target_gps,Logistic Regression,LR,0.8,0.6965174129353234,0.2077922077922078,Y
402486460,7,id_target_gps,Random Forest,RF,0.8,0.6965174129353234,0.1794871794871795,Y
402486460,7,id_target_gps,Logistic Regression,LR,0.9,0.7831858407079646,0.4731182795698925,N
402486460,7,id_target_gps,Random Forest,RF,0.9,0.7831858407079646,0.5252525252525253,N
402486460,7,id_target_gps,Logistic Regression,LR,0.9,0.6238938053097345,0.2608695652173913,Y
402486460,7,id_target_gps,Random Forest,RF,0.9,0.6238938053097345,0.2616822429906542,Y
404724028,7,coercive_control,Logistic Regression,LR,0.1,0.8076923076923077,0.6153846153846154,N
404724028,7,coercive_control,Random Forest,RF,0.1,0.8076923076923077,0.8333333333333334,N
404724028,7,coercive_control,Logistic Regression,LR,0.1,0.7307692307692307,0.36363636363636365,Y
404724028,7,coercive_control,Random Forest,RF,0.1,0.7307692307692307,0.18181818181818182,Y
404724028,7,coercive_control,Logistic Regression,LR,0.2,0.7647058823529411,0.5,N
404724028,7,coercive_control,Random Forest,RF,0.2,0.7647058823529411,0.8461538461538461,N
404724028,7,coercive_control,Logistic Regression,LR,0.2,0.7450980392156863,0.3157894736842105,Y
404724028,7,coercive_control,Random Forest,RF,0.2,0.7450980392156863,0.2222222222222222,Y
404724028,7,coercive_control,Logistic Regression,LR,0.3,0.7631578947368421,0.6086956521739131,N
404724028,7,coercive_control,Random Forest,RF,0.3,0.7631578947368421,0.8095238095238095,N
404724028,7,coercive_control,Logistic Regression,LR,0.3,0.6710526315789473,0.1935483870967742,Y
404724028,7,coercive_control,Random Forest,RF,0.3,0.6710526315789473,0.20689655172413793,Y
404724028,7,coercive_control,Logistic Regression,LR,0.4,0.7920792079207921,0.5882352941176471,N
404724028,7,coercive_control,Random Forest,RF,0.4,0.7920792079207921,0.723404255319149,N
404724028,7,coercive_control,Logistic Regression,LR,0.4,0.693069306930693,0.20512820512820512,Y
404724028,7,coercive_control,Random Forest,RF,0.4,0.693069306930693,0.1951219512195122,Y
404724028,7,coercive_control,Logistic Regression,LR,0.5,0.7380952380952381,0.47619047619047616,N
404724028,7,coercive_control,Random Forest,RF,0.5,0.7380952380952381,0.676923076923077,N
404724028,7,coercive_control,Logistic Regression,LR,0.5,0.6746031746031746,0.32786885245901637,Y
404724028,7,coercive_control,Random Forest,RF,0.5,0.6746031746031746,0.08163265306122448,Y
404724028,7,coercive_control,Logistic Regression,LR,0.6,0.7947019867549668,0.6265060240963856,N
404724028,7,coercive_control,Random Forest,RF,0.6,0.7947019867549668,0.7848101265822784,N
404724028,7,coercive_control,Logistic Regression,LR,0.6,0.7086092715231788,0.37142857142857144,Y
404724028,7,coercive_control,Random Forest,RF,0.6,0.7086092715231788,0.36619718309859156,Y
404724028,7,coercive_control,Logistic Regression,LR,0.7,0.7670454545454546,0.5393258426966292,N
404724028,7,coercive_control,Random Forest,RF,0.7,0.7670454545454546,0.6052631578947368,N
404724028,7,coercive_control,Logistic Regression,LR,0.7,0.6420454545454546,0.2222222222222222,Y
404724028,7,coercive_control,Random Forest,RF,0.7,0.6420454545454546,0.26666666666666666,Y
404724028,7,coercive_control,Logistic Regression,LR,0.8,0.8059701492537313,0.6060606060606061,N
404724028,7,coercive_control,Random Forest,RF,0.8,0.8059701492537313,0.5531914893617021,N
404724028,7,coercive_control,Logistic Regression,LR,0.8,0.7263681592039801,0.42105263157894735,Y
404724028,7,coercive_control,Random Forest,RF,0.8,0.7263681592039801,0.2619047619047619,Y
404724028,7,coercive_control,Logistic Regression,LR,0.9,0.7433628318584071,0.546875,N
404724028,7,coercive_control,Random Forest,RF,0.9,0.7433628318584071,0.6428571428571429,N
404724028,7,coercive_control,Logistic Regression,LR,0.9,0.5796460176991151,0.1592920353982301,Y
404724028,7,coercive_control,Random Forest,RF,0.9,0.5796460176991151,0.10810810810810811,Y
407707452,7,existential_threat,Logistic Regression,LR,0.1,0.8846153846153846,0.5714285714285714,N
407707452,7,existential_threat,Random Forest,RF,0.1,0.8846153846153846,0.5714285714285714,N
407707452,7,existential_threat,Logistic Regression,LR,0.1,0.8076923076923077,0.0,Y
407707452,7,existential_threat,Random Forest,RF,0.1,0.8076923076923077,0.2857142857142857,Y
407707452,7,existential_threat,Logistic Regression,LR,0.2,0.8235294117647058,0.4,N
407707452,7,existential_threat,Random Forest,RF,0.2,0.8235294117647058,0.75,N
407707452,7,existential_threat,Logistic Regression,LR,0.2,0.7843137254901961,0.0,Y
407707452,7,existential_threat,Random Forest,RF,0.2,0.7843137254901961,0.0,Y
407707452,7,existential_threat,Logistic Regression,LR,0.3,0.8552631578947368,0.5925925925925926,N
407707452,7,existential_threat,Random Forest,RF,0.3,0.8552631578947368,0.4,N
407707452,7,existential_threat,Logistic Regression,LR,0.3,0.8157894736842105,0.0,Y
407707452,7,existential_threat,Random Forest,RF,0.3,0.8157894736842105,0.0,Y
407707452,7,existential_threat,Logistic Regression,LR,0.4,0.8415841584158416,0.4666666666666667,N
407707452,7,existential_threat,Random Forest,RF,0.4,0.8415841584158416,0.48,N
407707452,7,existential_threat,Logistic Regression,LR,0.4,0.801980198019802,0.0,Y
407707452,7,existential_threat,Random Forest,RF,0.4,0.801980198019802,0.0,Y
407707452,7,existential_threat,Logistic Regression,LR,0.5,0.8333333333333334,0.4878048780487805,N
407707452,7,existential_threat,Random Forest,RF,0.5,0.8333333333333334,0.6111111111111112,N
407707452,7,existential_threat,Logistic Regression,LR,0.5,0.7698412698412699,0.06451612903225806,Y
407707452,7,existential_threat,Random Forest,RF,0.5,0.7698412698412699,0.13793103448275862,Y
407707452,7,existential_threat,Logistic Regression,LR,0.6,0.8543046357615894,0.47619047619047616,N
407707452,7,existential_threat,Random Forest,RF,0.6,0.8543046357615894,0.5,N
407707452,7,existential_threat,Logistic Regression,LR,0.6,0.7483443708609272,0.0,Y
407707452,7,existential_threat,Random Forest,RF,0.6,0.7483443708609272,0.0,Y
407707452,7,existential_threat,Logistic Regression,LR,0.7,0.8238636363636364,0.5230769230769231,N
407707452,7,existential_threat,Random Forest,RF,0.7,0.8238636363636364,0.5098039215686274,N
407707452,7,existential_threat,Logistic Regression,LR,0.7,0.7784090909090909,0.04878048780487805,Y
407707452,7,existential_threat,Random Forest,RF,0.7,0.7784090909090909,0.05405405405405406,Y
407707452,7,existential_threat,Logistic Regression,LR,0.8,0.7810945273631841,0.3888888888888889,N
407707452,7,existential_threat,Random Forest,RF,0.8,0.7810945273631841,0.4166666666666667,N
407707452,7,existential_threat,Logistic Regression,LR,0.8,0.7611940298507462,0.1111111111111111,Y
407707452,7,existential_threat,Random Forest,RF,0.8,0.7611940298507462,0.0,Y
407707452,7,existential_threat,Logistic Regression,LR,0.9,0.8407079646017699,0.28,N
407707452,7,existential_threat,Random Forest,RF,0.9,0.8407079646017699,0.09523809523809523,N
407707452,7,existential_threat,Logistic Regression,LR,0.9,0.7035398230088495,0.12987012987012986,Y
407707452,7,existential_threat,Random Forest,RF,0.9,0.7035398230088495,0.0392156862745098,Y
800973376,8,id_target_gps,Logistic Regression,LR,0.1,0.8846153846153846,0.7272727272727273,N
800973376,8,id_target_gps,Random Forest,RF,0.1,0.8846153846153846,0.8333333333333334,N
800973376,8,id_target_gps,Logistic Regression,LR,0.1,0.7307692307692307,0.0,Y
800973376,8,id_target_gps,Random Forest,RF,0.1,0.7307692307692307,0.0,Y
800973376,8,id_target_gps,Logistic Regression,LR,0.2,0.803921568627451,0.6428571428571429,N
800973376,8,id_target_gps,Random Forest,RF,0.2,0.803921568627451,0.8461538461538461,N
800973376,8,id_target_gps,Logistic Regression,LR,0.2,0.6274509803921569,0.09523809523809523,Y
800973376,8,id_target_gps,Random Forest,RF,0.2,0.6274509803921569,0.10526315789473684,Y
800973376,8,id_target_gps,Logistic Regression,LR,0.3,0.8289473684210527,0.6666666666666666,N
800973376,8,id_target_gps,Random Forest,RF,0.3,0.8289473684210527,0.7567567567567568,N
800973376,8,id_target_gps,Logistic Regression,LR,0.3,0.6973684210526315,0.20689655172413793,Y
800973376,8,id_target_gps,Random Forest,RF,0.3,0.6973684210526315,0.27586206896551724,Y
800973376,8,id_target_gps,Logistic Regression,LR,0.4,0.8415841584158416,0.7241379310344828,N
800973376,8,id_target_gps,Random Forest,RF,0.4,0.8415841584158416,0.7450980392156863,N
800973376,8,id_target_gps,Logistic Regression,LR,0.4,0.7128712871287128,0.2926829268292683,Y
800973376,8,id_target_gps,Random Forest,RF,0.4,0.7128712871287128,0.1951219512195122,Y
800973376,8,id_target_gps,Logistic Regression,LR,0.5,0.8412698412698413,0.7142857142857143,N
800973376,8,id_target_gps,Random Forest,RF,0.5,0.8412698412698413,0.7540983606557377,N
800973376,8,id_target_gps,Logistic Regression,LR,0.5,0.6190476190476191,0.1111111111111111,Y
800973376,8,id_target_gps,Random Forest,RF,0.5,0.6190476190476191,0.08163265306122448,Y
800973376,8,id_target_gps,Logistic Regression,LR,0.6,0.8079470198675497,0.5671641791044776,N
800973376,8,id_target_gps,Random Forest,RF,0.6,0.8079470198675497,0.6229508196721312,N
800973376,8,id_target_gps,Logistic Regression,LR,0.6,0.6754966887417219,0.10909090909090909,Y
800973376,8,id_target_gps,Random Forest,RF,0.6,0.6754966887417219,0.12,Y
800973376,8,id_target_gps,Logistic Regression,LR,0.7,0.8465909090909091,0.6666666666666666,N
800973376,8,id_target_gps,Random Forest,RF,0.7,0.8465909090909091,0.6756756756756757,N
800973376,8,id_target_gps,Logistic Regression,LR,0.7,0.6988636363636364,0.208955223880597,Y
800973376,8,id_target_gps,Random Forest,RF,0.7,0.6988636363636364,0.18461538461538463,Y
800973376,8,id_target_gps,Logistic Regression,LR,0.8,0.7611940298507462,0.45454545454545453,N
800973376,8,id_target_gps,Random Forest,RF,0.8,0.7611940298507462,0.4383561643835616,N
800973376,8,id_target_gps,Logistic Regression,LR,0.8,0.6517412935323383,0.10256410256410256,Y
800973376,8,id_target_gps,Random Forest,RF,0.8,0.6517412935323383,0.14084507042253522,Y
800973376,8,id_target_gps,Logistic Regression,LR,0.9,0.7787610619469026,0.4897959183673469,N
800973376,8,id_target_gps,Random Forest,RF,0.9,0.7787610619469026,0.5319148936170213,N
800973376,8,id_target_gps,Logistic Regression,LR,0.9,0.6504424778761062,0.16842105263157894,Y
800973376,8,id_target_gps,Random Forest,RF,0.9,0.6504424778761062,0.13513513513513514,Y
803490640,8,coercive_control,Logistic Regression,LR,0.1,0.8076923076923077,0.4444444444444444,N
803490640,8,coercive_control,Random Forest,RF,0.1,0.8076923076923077,0.6,N
803490640,8,coercive_control,Logistic Regression,LR,0.1,0.5769230769230769,0.0,Y
803490640,8,coercive_control,Random Forest,RF,0.1,0.5769230769230769,0.0,Y
803490640,8,coercive_control,Logistic Regression,LR,0.2,0.8235294117647058,0.6086956521739131,N
803490640,8,coercive_control,Random Forest,RF,0.2,0.8235294117647058,0.8461538461538461,N
803490640,8,coercive_control,Logistic Regression,LR,0.2,0.6470588235294118,0.0,Y
803490640,8,coercive_control,Random Forest,RF,0.2,0.6470588235294118,0.0,Y
803490640,8,coercive_control,Logistic Regression,LR,0.3,0.8421052631578947,0.6666666666666666,N
803490640,8,coercive_control,Random Forest,RF,0.3,0.8421052631578947,0.8717948717948718,N
803490640,8,coercive_control,Logistic Regression,LR,0.3,0.6842105263157895,0.07692307692307693,Y
803490640,8,coercive_control,Random Forest,RF,0.3,0.6842105263157895,0.14814814814814814,Y
803490640,8,coercive_control,Logistic Regression,LR,0.4,0.801980198019802,0.5238095238095238,N
803490640,8,coercive_control,Random Forest,RF,0.4,0.801980198019802,0.5909090909090909,N
803490640,8,coercive_control,Logistic Regression,LR,0.4,0.6633663366336634,0.10526315789473684,Y
803490640,8,coercive_control,Random Forest,RF,0.4,0.6633663366336634,0.21052631578947367,Y
803490640,8,coercive_control,Logistic Regression,LR,0.5,0.7936507936507936,0.59375,N
803490640,8,coercive_control,Random Forest,RF,0.5,0.7936507936507936,0.8,N
803490640,8,coercive_control,Logistic Regression,LR,0.5,0.6349206349206349,0.11538461538461539,Y
803490640,8,coercive_control,Random Forest,RF,0.5,0.6349206349206349,0.14285714285714285,Y
803490640,8,coercive_control,Logistic Regression,LR,0.6,0.7549668874172185,0.5066666666666667,N
803490640,8,coercive_control,Random Forest,RF,0.6,0.7549668874172185,0.6486486486486487,N
803490640,8,coercive_control,Logistic Regression,LR,0.6,0.6887417218543046,0.14545454545454545,Y
803490640,8,coercive_control,Random Forest,RF,0.6,0.6887417218543046,0.24561403508771928,Y
803490640,8,coercive_control,Logistic Regression,LR,0.7,0.7897727272727273,0.5842696629213483,N
803490640,8,coercive_control,Random Forest,RF,0.7,0.7897727272727273,0.6329113924050633,N
803490640,8,coercive_control,Logistic Regression,LR,0.7,0.5738636363636364,0.17582417582417584,Y
803490640,8,coercive_control,Random Forest,RF,0.7,0.5738636363636364,0.23376623376623376,Y
803490640,8,coercive_control,Logistic Regression,LR,0.8,0.7711442786069652,0.6101694915254238,N
803490640,8,coercive_control,Random Forest,RF,0.8,0.7711442786069652,0.5684210526315789,N
803490640,8,coercive_control,Logistic Regression,LR,0.8,0.6865671641791045,0.136986301369863,Y
803490640,8,coercive_control,Random Forest,RF,0.8,0.6865671641791045,0.13513513513513514,Y
803490640,8,coercive_control,Logistic Regression,LR,0.9,0.7654867256637168,0.5826771653543307,N
803490640,8,coercive_control,Random Forest,RF,0.9,0.7654867256637168,0.5242718446601942,N
803490640,8,coercive_control,Logistic Regression,LR,0.9,0.6238938053097345,0.32,Y
803490640,8,coercive_control,Random Forest,RF,0.9,0.6238938053097345,0.22,Y
806007904,8,existential_threat,Logistic Regression,LR,0.1,0.8461538461538461,0.5,N
806007904,8,existential_threat,Random Forest,RF,0.1,0.8461538461538461,0.3333333333333333,N
806007904,8,existential_threat,Logistic Regression,LR,0.1,0.7307692307692307,0.0,Y
806007904,8,existential_threat,Random Forest,RF,0.1,0.7307692307692307,0.0,Y
806007904,8,existential_threat,Logistic Regression,LR,0.2,0.8431372549019608,0.5,N
806007904,8,existential_threat,Random Forest,RF,0.2,0.8431372549019608,0.8235294117647058,N
806007904,8,existential_threat,Logistic Regression,LR,0.2,0.7647058823529411,0.0,Y
806007904,8,existential_threat,Random Forest,RF,0.2,0.7647058823529411,0.0,Y
806007904,8,existential_threat,Logistic Regression,LR,0.3,0.8552631578947368,0.5925925925925926,N
806007904,8,existential_threat,Random Forest,RF,0.3,0.8552631578947368,0.782608695652174,N
806007904,8,existential_threat,Logistic Regression,LR,0.3,0.8289473684210527,0.0,Y
806007904,8,existential_threat,Random Forest,RF,0.3,0.8289473684210527,0.0,Y
806007904,8,existential_threat,Logistic Regression,LR,0.4,0.8811881188118812,0.6,N
806007904,8,existential_threat,Random Forest,RF,0.4,0.8811881188118812,0.5806451612903226,N
806007904,8,existential_threat,Logistic Regression,LR,0.4,0.8415841584158416,0.2727272727272727,Y
806007904,8,existential_threat,Random Forest,RF,0.4,0.8415841584158416,0.09523809523809523,Y
806007904,8,existential_threat,Logistic Regression,LR,0.5,0.8015873015873016,0.4444444444444444,N
806007904,8,existential_threat,Random Forest,RF,0.5,0.8015873015873016,0.5625,N
806007904,8,existential_threat,Logistic Regression,LR,0.5,0.8174603174603174,0.08,Y
806007904,8,existential_threat,Random Forest,RF,0.5,0.8174603174603174,0.08333333333333333,Y
806007904,8,existential_threat,Logistic Regression,LR,0.6,0.8079470198675497,0.2926829268292683,N
806007904,8,existential_threat,Random Forest,RF,0.6,0.8079470198675497,0.42424242424242425,N
806007904,8,existential_threat,Logistic Regression,LR,0.6,0.8145695364238411,0.17647058823529413,Y
806007904,8,existential_threat,Random Forest,RF,0.6,0.8145695364238411,0.0,Y
806007904,8,existential_threat,Logistic Regression,LR,0.7,0.7897727272727273,0.4126984126984127,N
806007904,8,existential_threat,Random Forest,RF,0.7,0.7897727272727273,0.3111111111111111,N
806007904,8,existential_threat,Logistic Regression,LR,0.7,0.7954545454545454,0.18181818181818182,Y
806007904,8,existential_threat,Random Forest,RF,0.7,0.7954545454545454,0.10526315789473684,Y
806007904,8,existential_threat,Logistic Regression,LR,0.8,0.8557213930348259,0.5538461538461539,N
806007904,8,existential_threat,Random Forest,RF,0.8,0.8557213930348259,0.4897959183673469,N
806007904,8,existential_threat,Logistic Regression,LR,0.8,0.7313432835820896,0.12903225806451613,Y
806007904,8,existential_threat,Random Forest,RF,0.8,0.7313432835820896,0.05128205128205128,Y
806007904,8,existential_threat,Logistic Regression,LR,0.9,0.7964601769911505,0.17857142857142858,N
806007904,8,existential_threat,Random Forest,RF,0.9,0.7964601769911505,0.25,N
806007904,8,existential_threat,Logistic Regression,LR,0.9,0.7433628318584071,0.03333333333333333,Y
806007904,8,existential_threat,Random Forest,RF,0.9,0.7433628318584071,0.0,Y
1199460292,9,id_target_gps,Logistic Regression,LR,0.1,0.8846153846153846,0.7692307692307693,N
1199460292,9,id_target_gps,Random Forest,RF,0.1,0.8846153846153846,0.8333333333333334,N
1199460292,9,id_target_gps,Logistic Regression,LR,0.1,0.7307692307692307,0.36363636363636365,Y
1199460292,9,id_target_gps,Random Forest,RF,0.1,0.7307692307692307,0.4,Y
1199460292,9,id_target_gps,Logistic Regression,LR,0.2,0.8431372549019608,0.6923076923076923,N
1199460292,9,id_target_gps,Random Forest,RF,0.2,0.8431372549019608,0.88,N
1199460292,9,id_target_gps,Logistic Regression,LR,0.2,0.6470588235294118,0.1,Y
1199460292,9,id_target_gps,Random Forest,RF,0.2,0.6470588235294118,0.0,Y
1199460292,9,id_target_gps,Logistic Regression,LR,0.3,0.8289473684210527,0.6060606060606061,N
1199460292,9,id_target_gps,Random Forest,RF,0.3,0.8289473684210527,0.6666666666666666,N
1199460292,9,id_target_gps,Logistic Regression,LR,0.3,0.6710526315789473,0.1935483870967742,Y
1199460292,9,id_target_gps,Random Forest,RF,0.3,0.6710526315789473,0.12903225806451613,Y
1199460292,9,id_target_gps,Logistic Regression,LR,0.4,0.7920792079207921,0.5714285714285714,N
1199460292,9,id_target_gps,Random Forest,RF,0.4,0.7920792079207921,0.7659574468085106,N
1199460292,9,id_target_gps,Logistic Regression,LR,0.4,0.6732673267326733,0.10810810810810811,Y
1199460292,9,id_target_gps,Random Forest,RF,0.4,0.6732673267326733,0.05555555555555555,Y
1199460292,9,id_target_gps,Logistic Regression,LR,0.5,0.7698412698412699,0.5084745762711864,N
1199460292,9,id_target_gps,Random Forest,RF,0.5,0.7698412698412699,0.6440677966101694,N
1199460292,9,id_target_gps,Logistic Regression,LR,0.5,0.6984126984126984,0.05,Y
1199460292,9,id_target_gps,Random Forest,RF,0.5,0.6984126984126984,0.13953488372093023,Y
1199460292,9,id_target_gps,Logistic Regression,LR,0.6,0.7748344370860927,0.6304347826086957,N
1199460292,9,id_target_gps,Random Forest,RF,0.6,0.7748344370860927,0.8205128205128205,N
1199460292,9,id_target_gps,Logistic Regression,LR,0.6,0.609271523178808,0.2891566265060241,Y
1199460292,9,id_target_gps,Random Forest,RF,0.6,0.609271523178808,0.14035087719298245,Y
1199460292,9,id_target_gps,Logistic Regression,LR,0.7,0.8352272727272727,0.6506024096385542,N
1199460292,9,id_target_gps,Random Forest,RF,0.7,0.8352272727272727,0.6301369863013698,N
1199460292,9,id_target_gps,Logistic Regression,LR,0.7,0.6477272727272727,0.18421052631578946,Y
1199460292,9,id_target_gps,Random Forest,RF,0.7,0.6477272727272727,0.14285714285714285,Y
1199460292,9,id_target_gps,Logistic Regression,LR,0.8,0.7910447761194029,0.6111111111111112,N
1199460292,9,id_target_gps,Random Forest,RF,0.8,0.7910447761194029,0.6172839506172839,N
1199460292,9,id_target_gps,Logistic Regression,LR,0.8,0.7313432835820896,0.20588235294117646,Y
1199460292,9,id_target_gps,Random Forest,RF,0.8,0.7313432835820896,0.11428571428571428,Y
1199460292,9,id_target_gps,Logistic Regression,LR,0.9,0.7123893805309734,0.4444444444444444,N
1199460292,9,id_target_gps,Random Forest,RF,0.9,0.7123893805309734,0.3953488372093023,N
1199460292,9,id_target_gps,Logistic Regression,LR,0.9,0.6769911504424779,0.416,Y
1199460292,9,id_target_gps,Random Forest,RF,0.9,0.6769911504424779,0.1518987341772152,Y
1202257252,9,coercive_control,Logistic Regression,LR,0.1,0.8461538461538461,0.6666666666666666,N
1202257252,9,coercive_control,Random Forest,RF,0.1,0.8461538461538461,0.7272727272727273,N
1202257252,9,coercive_control,Logistic Regression,LR,0.1,0.6923076923076923,0.0,Y
1202257252,9,coercive_control,Random Forest,RF,0.1,0.6923076923076923,0.2,Y
1202257252,9,coercive_control,Logistic Regression,LR,0.2,0.803921568627451,0.6428571428571429,N
1202257252,9,coercive_control,Random Forest,RF,0.2,0.803921568627451,0.8461538461538461,N
1202257252,9,coercive_control,Logistic Regression,LR,0.2,0.6666666666666666,0.10526315789473684,Y
1202257252,9,coercive_control,Random Forest,RF,0.2,0.6666666666666666,0.18181818181818182,Y
1202257252,9,coercive_control,Logistic Regression,LR,0.3,0.8552631578947368,0.7027027027027027,N
1202257252,9,coercive_control,Random Forest,RF,0.3,0.8552631578947368,0.85,N
1202257252,9,coercive_control,Logistic Regression,LR,0.3,0.6842105263157895,0.07692307692307693,Y
1202257252,9,coercive_control,Random Forest,RF,0.3,0.6842105263157895,0.13333333333333333,Y
1202257252,9,coercive_control,Logistic Regression,LR,0.4,0.7425742574257426,0.48,N
1202257252,9,coercive_control,Random Forest,RF,0.4,0.7425742574257426,0.5454545454545454,N
1202257252,9,coercive_control,Logistic Regression,LR,0.4,0.7227722772277227,0.17647058823529413,Y
1202257252,9,coercive_control,Random Forest,RF,0.4,0.7227722772277227,0.05555555555555555,Y
1202257252,9,coercive_control,Logistic Regression,LR,0.5,0.8095238095238095,0.6470588235294118,N
1202257252,9,coercive_control,Random Forest,RF,0.5,0.8095238095238095,0.7096774193548387,N
1202257252,9,coercive_control,Logistic Regression,LR,0.5,0.6746031746031746,0.3050847457627119,Y
1202257252,9,coercive_control,Random Forest,RF,0.5,0.6746031746031746,0.19607843137254902,Y
1202257252,9,coercive_control,Logistic Regression,LR,0.6,0.8079470198675497,0.6329113924050633,N
1202257252,9,coercive_control,Random Forest,RF,0.6,0.8079470198675497,0.6153846153846154,N
1202257252,9,coercive_control,Logistic Regression,LR,0.6,0.6357615894039735,0.26666666666666666,Y
1202257252,9,coercive_control,Random Forest,RF,0.6,0.6357615894039735,0.19672131147540983,Y
1202257252,9,coercive_control,Logistic Regression,LR,0.7,0.7784090909090909,0.5979381443298969,N
1202257252,9,coercive_control,Random Forest,RF,0.7,0.7784090909090909,0.6956521739130435,N
1202257252,9,coercive_control,Logistic Regression,LR,0.7,0.5738636363636364,0.11764705882352941,Y
1202257252,9,coercive_control,Random Forest,RF,0.7,0.5738636363636364,0.06349206349206349,Y
1202257252,9,coercive_control,Logistic Regression,LR,0.8,0.6915422885572139,0.515625,N
1202257252,9,coercive_control,Random Forest,RF,0.8,0.6915422885572139,0.6122448979591837,N
1202257252,9,coercive_control,Logistic Regression,LR,0.8,0.6766169154228856,0.2696629213483146,Y
1202257252,9,coercive_control,Random Forest,RF,0.8,0.6766169154228856,0.1282051282051282,Y
1202257252,9,coercive_control,Logistic Regression,LR,0.9,0.7079646017699115,0.36538461538461536,N
1202257252,9,coercive_control,Random Forest,RF,0.9,0.7079646017699115,0.18666666666666668,N
1202257252,9,coercive_control,Logistic Regression,LR,0.9,0.6769911504424779,0.1978021978021978,Y
1202257252,9,coercive_control,Random Forest,RF,0.9,0.6769911504424779,0.07894736842105263,Y
1205986532,9,existential_threat,Logistic Regression,LR,0.1,0.7692307692307693,0.25,N
1205986532,9,existential_threat,Random Forest,RF,0.1,0.7692307692307693,0.0,N
1205986532,9,existential_threat,Logistic Regression,LR,0.1,0.8076923076923077,0.0,Y
1205986532,9,existential_threat,Random Forest,RF,0.1,0.8076923076923077,0.0,Y
1205986532,9,existential_threat,Logistic Regression,LR,0.2,0.8823529411764706,0.5714285714285714,N
1205986532,9,existential_threat,Random Forest,RF,0.2,0.8823529411764706,0.5,N
1205986532,9,existential_threat,Logistic Regression,LR,0.2,0.8235294117647058,0.18181818181818182,Y
1205986532,9,existential_threat,Random Forest,RF,0.2,0.8235294117647058,0.18181818181818182,Y
1205986532,9,existential_threat,Logistic Regression,LR,0.3,0.8552631578947368,0.47619047619047616,N
1205986532,9,existential_threat,Random Forest,RF,0.3,0.8552631578947368,0.6,N
1205986532,9,existential_threat,Logistic Regression,LR,0.3,0.8026315789473685,0.21052631578947367,Y
1205986532,9,existential_threat,Random Forest,RF,0.3,0.8026315789473685,0.1111111111111111,Y
1205986532,9,existential_threat,Logistic Regression,LR,0.4,0.8118811881188119,0.3448275862068966,N
1205986532,9,existential_threat,Random Forest,RF,0.4,0.8118811881188119,0.6,N
1205986532,9,existential_threat,Logistic Regression,LR,0.4,0.8316831683168316,0.32,Y
1205986532,9,existential_threat,Random Forest,RF,0.4,0.8316831683168316,0.1,Y
1205986532,9,existential_threat,Logistic Regression,LR,0.5,0.8333333333333334,0.4878048780487805,N
1205986532,9,existential_threat,Random Forest,RF,0.5,0.8333333333333334,0.5714285714285714,N
1205986532,9,existential_threat,Logistic Regression,LR,0.5,0.8253968253968254,0.21428571428571427,Y
1205986532,9,existential_threat,Random Forest,RF,0.5,0.8253968253968254,0.0,Y
1205986532,9,existential_threat,Logistic Regression,LR,0.6,0.8145695364238411,0.391304347826087,N
1205986532,9,existential_threat,Random Forest,RF,0.6,0.8145695364238411,0.5714285714285714,N
1205986532,9,existential_threat,Logistic Regression,LR,0.6,0.8079470198675497,0.2926829268292683,Y
1205986532,9,existential_threat,Random Forest,RF,0.6,0.8079470198675497,0.11428571428571428,Y
1205986532,9,existential_threat,Logistic Regression,LR,0.7,0.875,0.6071428571428571,N
1205986532,9,existential_threat,Random Forest,RF,0.7,0.875,0.4897959183673469,N
1205986532,9,existential_threat,Logistic Regression,LR,0.7,0.7897727272727273,0.0975609756097561,Y
1205986532,9,existential_threat,Random Forest,RF,0.7,0.7897727272727273,0.058823529411764705,Y
1205986532,9,existential_threat,Logistic Regression,LR,0.8,0.8009950248756219,0.4117647058823529,N
1205986532,9,existential_threat,Random Forest,RF,0.8,0.8009950248756219,0.375,N
1205986532,9,existential_threat,Logistic Regression,LR,0.8,0.7761194029850746,0.21052631578947367,Y
1205986532,9,existential_threat,Random Forest,RF,0.8,0.7761194029850746,0.05405405405405406,Y
1205986532,9,existential_threat,Logistic Regression,LR,0.9,0.8185840707964602,0.36923076923076925,N
1205986532,9,existential_threat,Random Forest,RF,0.9,0.8185840707964602,0.3137254901960784,N
1205986532,9,existential_threat,Logistic Regression,LR,0.9,0.8008849557522124,0.0425531914893617,Y
1205986532,9,existential_threat,Random Forest,RF,0.9,0.8008849557522124,0.046511627906976744,Y
